USE [PoliceMonitorDB_Dev]
GO
/****** Object:  Table [dbo].[Customer]    Script Date: 16/08/2016 19:49:35 ******/
SET ANSI_NULLS ON
GO
SET QUOTED_IDENTIFIER ON
GO
CREATE TABLE [dbo].[Customer](
	[CustomerId] [int] IDENTITY(1,1) NOT NULL,
	[CustomerName] [nvarchar](250) NOT NULL,
	[StreetAddress] [nvarchar](500) NULL,
	[City] [nvarchar](250) NULL,
	[State] [nvarchar](250) NULL,
	[ZipCode] [nvarchar](50) NULL,
	[ContactName] [nvarchar](250) NULL,
	[ContactPhoneNumber] [nvarchar](50) NULL,
	[UsersCount] [int] NULL,
	[UnlimitedUsers] [bit] NOT NULL,
	[Active] [bit] NOT NULL,
 CONSTRAINT [PK_Customer] PRIMARY KEY CLUSTERED 
(
	[CustomerId] ASC
)WITH (PAD_INDEX = OFF, STATISTICS_NORECOMPUTE = OFF, IGNORE_DUP_KEY = OFF, ALLOW_ROW_LOCKS = ON, ALLOW_PAGE_LOCKS = ON) ON [PRIMARY]
) ON [PRIMARY]

GO
/****** Object:  Table [dbo].[CustomerNotificationLastScan]    Script Date: 16/08/2016 19:49:35 ******/
SET ANSI_NULLS ON
GO
SET QUOTED_IDENTIFIER ON
GO
CREATE TABLE [dbo].[CustomerNotificationLastScan](
	[Id] [int] IDENTITY(1,1) NOT NULL,
	[CustomerId] [int] NOT NULL,
	[LastScanUniversalDateTime] [datetime] NULL,
 CONSTRAINT [PK_CustomerNotificationLastScan] PRIMARY KEY CLUSTERED 
(
	[Id] ASC
)WITH (PAD_INDEX = OFF, STATISTICS_NORECOMPUTE = OFF, IGNORE_DUP_KEY = OFF, ALLOW_ROW_LOCKS = ON, ALLOW_PAGE_LOCKS = ON) ON [PRIMARY]
) ON [PRIMARY]

GO
/****** Object:  Table [dbo].[CustomerNotificationSetting]    Script Date: 16/08/2016 19:49:35 ******/
SET ANSI_NULLS ON
GO
SET QUOTED_IDENTIFIER ON
GO
CREATE TABLE [dbo].[CustomerNotificationSetting](
	[CustomerNotificationId] [int] IDENTITY(1,1) NOT NULL,
	[CustomerId] [int] NOT NULL,
	[NotifiyTransmissionsCount] [int] NULL,
	[Interval] [int] NULL,
	[AfterFirstTransmissionWaitInterval] [int] NULL,
	[LastNSecTransmissionsCount] [int] NULL,
	[NSecInterval] [int] NULL,
	[AfterNSecTransmissionWaitInterval] [int] NULL,
 CONSTRAINT [PK_CustomerNotificationSetting] PRIMARY KEY CLUSTERED 
(
	[CustomerNotificationId] ASC
)WITH (PAD_INDEX = OFF, STATISTICS_NORECOMPUTE = OFF, IGNORE_DUP_KEY = OFF, ALLOW_ROW_LOCKS = ON, ALLOW_PAGE_LOCKS = ON) ON [PRIMARY]
) ON [PRIMARY]

GO
/****** Object:  Table [dbo].[CustomerTalkGroup]    Script Date: 16/08/2016 19:49:35 ******/
SET ANSI_NULLS ON
GO
SET QUOTED_IDENTIFIER ON
GO
CREATE TABLE [dbo].[CustomerTalkGroup](
	[CustTalkGroupId] [int] IDENTITY(1,1) NOT NULL,
	[CustomerId] [int] NOT NULL,
	[TalkGroup] [nvarchar](256) NOT NULL,
 CONSTRAINT [PK_CustomerTalkGroup] PRIMARY KEY CLUSTERED 
(
	[CustTalkGroupId] ASC
)WITH (PAD_INDEX = OFF, STATISTICS_NORECOMPUTE = OFF, IGNORE_DUP_KEY = OFF, ALLOW_ROW_LOCKS = ON, ALLOW_PAGE_LOCKS = ON) ON [PRIMARY]
) ON [PRIMARY]

GO
/****** Object:  Table [dbo].[Group]    Script Date: 16/08/2016 19:49:35 ******/
SET ANSI_NULLS ON
GO
SET QUOTED_IDENTIFIER ON
GO
CREATE TABLE [dbo].[Group](
	[GroupId] [int] IDENTITY(1,1) NOT NULL,
	[CustomerId] [int] NOT NULL,
	[GroupName] [nvarchar](250) NOT NULL,
 CONSTRAINT [PK_Group] PRIMARY KEY CLUSTERED 
(
	[GroupId] ASC
)WITH (PAD_INDEX = OFF, STATISTICS_NORECOMPUTE = OFF, IGNORE_DUP_KEY = OFF, ALLOW_ROW_LOCKS = ON, ALLOW_PAGE_LOCKS = ON) ON [PRIMARY]
) ON [PRIMARY]

GO
/****** Object:  Table [dbo].[NotificationLog]    Script Date: 16/08/2016 19:49:35 ******/
SET ANSI_NULLS ON
GO
SET QUOTED_IDENTIFIER ON
GO
SET ANSI_PADDING ON
GO
CREATE TABLE [dbo].[NotificationLog](
	[NotificationLogId] [bigint] IDENTITY(1,1) NOT NULL,
	[CustomerId] [int] NOT NULL,
	[UserId] [int] NOT NULL,
	[TalkGroupId] [int] NOT NULL,
	[RadioId] [bigint] NOT NULL,
	[NotificationMsg] [nvarchar](max) NOT NULL,
	[NotificationDate] [datetime] NOT NULL,
	[MP3File] [varbinary](max) NULL,
 CONSTRAINT [PK_NotificationLog] PRIMARY KEY CLUSTERED 
(
	[NotificationLogId] ASC
)WITH (PAD_INDEX = OFF, STATISTICS_NORECOMPUTE = OFF, IGNORE_DUP_KEY = OFF, ALLOW_ROW_LOCKS = ON, ALLOW_PAGE_LOCKS = ON) ON [PRIMARY]
) ON [PRIMARY] TEXTIMAGE_ON [PRIMARY]

GO
SET ANSI_PADDING OFF
GO
/****** Object:  Table [dbo].[Permission]    Script Date: 16/08/2016 19:49:35 ******/
SET ANSI_NULLS ON
GO
SET QUOTED_IDENTIFIER ON
GO
CREATE TABLE [dbo].[Permission](
	[PermissionId] [int] IDENTITY(1,1) NOT NULL,
	[Permission] [nvarchar](250) NOT NULL,
 CONSTRAINT [PK_Permission] PRIMARY KEY CLUSTERED 
(
	[PermissionId] ASC
)WITH (PAD_INDEX = OFF, STATISTICS_NORECOMPUTE = OFF, IGNORE_DUP_KEY = OFF, ALLOW_ROW_LOCKS = ON, ALLOW_PAGE_LOCKS = ON) ON [PRIMARY]
) ON [PRIMARY]

GO
/****** Object:  Table [dbo].[PolledTalkGroupItem]    Script Date: 16/08/2016 19:49:35 ******/
SET ANSI_NULLS ON
GO
SET QUOTED_IDENTIFIER ON
GO
SET ANSI_PADDING ON
GO
CREATE TABLE [dbo].[PolledTalkGroupItem](
	[ID] [bigint] IDENTITY(1,1) NOT NULL,
	[TalkGroupItemId] [varchar](50) NOT NULL,
	[TransStartMSec] [bigint] NULL,
	[TransLengthMSec] [bigint] NULL,
	[RadioID] [bigint] NULL,
	[TalkGroupID] [bigint] NULL,
	[TransStartUTC] [datetime] NULL,
	[TransTimeDesc] [varchar](500) NOT NULL,
	[RadioDesc] [nvarchar](500) NULL,
	[ChannelName] [nvarchar](500) NULL,
 CONSTRAINT [PK_PolledTalkGroupItem] PRIMARY KEY CLUSTERED 
(
	[ID] ASC
)WITH (PAD_INDEX = OFF, STATISTICS_NORECOMPUTE = OFF, IGNORE_DUP_KEY = OFF, ALLOW_ROW_LOCKS = ON, ALLOW_PAGE_LOCKS = ON) ON [PRIMARY]
) ON [PRIMARY]

GO
SET ANSI_PADDING OFF
GO
/****** Object:  Table [dbo].[Role]    Script Date: 16/08/2016 19:49:35 ******/
SET ANSI_NULLS ON
GO
SET QUOTED_IDENTIFIER ON
GO
CREATE TABLE [dbo].[Role](
	[RoleId] [int] IDENTITY(1,1) NOT NULL,
	[Name] [nvarchar](250) NOT NULL,
	[Description] [nvarchar](500) NULL,
 CONSTRAINT [PK_Role] PRIMARY KEY CLUSTERED 
(
	[RoleId] ASC
)WITH (PAD_INDEX = OFF, STATISTICS_NORECOMPUTE = OFF, IGNORE_DUP_KEY = OFF, ALLOW_ROW_LOCKS = ON, ALLOW_PAGE_LOCKS = ON) ON [PRIMARY]
) ON [PRIMARY]

GO
/****** Object:  Table [dbo].[TalkGroupItem]    Script Date: 16/08/2016 19:49:35 ******/
SET ANSI_NULLS ON
GO
SET QUOTED_IDENTIFIER ON
GO
SET ANSI_PADDING ON
GO
CREATE TABLE [dbo].[TalkGroupItem](
	[ID] [bigint] IDENTITY(1,1) NOT NULL,
	[TalkGroupItemId] [varchar](50) NOT NULL,
	[TransStartMSec] [bigint] NULL,
	[TransLengthMSec] [bigint] NULL,
	[RadioID] [bigint] NULL,
	[TalkGroupID] [bigint] NULL,
	[TransStartUTC] [datetime] NULL,
	[TransTimeDesc] [varchar](500) NOT NULL,
	[RadioDesc] [varchar](500) NULL,
	[ReviewStatus] [tinyint] NULL,
	[MarkListen] [bit] NOT NULL,
 CONSTRAINT [PK_TalkGroupItem] PRIMARY KEY CLUSTERED 
(
	[ID] ASC
)WITH (PAD_INDEX = OFF, STATISTICS_NORECOMPUTE = OFF, IGNORE_DUP_KEY = OFF, ALLOW_ROW_LOCKS = ON, ALLOW_PAGE_LOCKS = ON) ON [PRIMARY]
) ON [PRIMARY]

GO
SET ANSI_PADDING OFF
GO
/****** Object:  Table [dbo].[User]    Script Date: 16/08/2016 19:49:35 ******/
SET ANSI_NULLS ON
GO
SET QUOTED_IDENTIFIER ON
GO
CREATE TABLE [dbo].[User](
	[UserId] [int] IDENTITY(1,1) NOT NULL,
	[CustomerId] [int] NOT NULL,
	[UserName] [nvarchar](250) NOT NULL,
	[Password] [nvarchar](max) NOT NULL,
	[Email] [nvarchar](250) NOT NULL,
	[Address] [nvarchar](250) NULL,
	[City] [nvarchar](250) NULL,
	[State] [nvarchar](250) NULL,
	[PostalCode] [nvarchar](250) NULL,
	[PhoneNumber] [nvarchar](250) NULL,
	[Active] [bit] NOT NULL,
 CONSTRAINT [PK_User] PRIMARY KEY CLUSTERED 
(
	[UserId] ASC
)WITH (PAD_INDEX = OFF, STATISTICS_NORECOMPUTE = OFF, IGNORE_DUP_KEY = OFF, ALLOW_ROW_LOCKS = ON, ALLOW_PAGE_LOCKS = ON) ON [PRIMARY]
) ON [PRIMARY] TEXTIMAGE_ON [PRIMARY]

GO
/****** Object:  Table [dbo].[UserGroup]    Script Date: 16/08/2016 19:49:35 ******/
SET ANSI_NULLS ON
GO
SET QUOTED_IDENTIFIER ON
GO
CREATE TABLE [dbo].[UserGroup](
	[UserGroupId] [int] IDENTITY(1,1) NOT NULL,
	[CustomerId] [int] NOT NULL,
	[UserId] [int] NOT NULL,
	[GroupId] [int] NOT NULL,
 CONSTRAINT [PK_UserGroup] PRIMARY KEY CLUSTERED 
(
	[UserGroupId] ASC
)WITH (PAD_INDEX = OFF, STATISTICS_NORECOMPUTE = OFF, IGNORE_DUP_KEY = OFF, ALLOW_ROW_LOCKS = ON, ALLOW_PAGE_LOCKS = ON) ON [PRIMARY]
) ON [PRIMARY]

GO
/****** Object:  Table [dbo].[UserInRole]    Script Date: 16/08/2016 19:49:35 ******/
SET ANSI_NULLS ON
GO
SET QUOTED_IDENTIFIER ON
GO
CREATE TABLE [dbo].[UserInRole](
	[UserRoleId] [int] IDENTITY(1,1) NOT NULL,
	[CustomerId] [int] NOT NULL,
	[UserId] [int] NOT NULL,
	[RoleId] [int] NOT NULL,
 CONSTRAINT [PK_Table_1] PRIMARY KEY CLUSTERED 
(
	[UserRoleId] ASC
)WITH (PAD_INDEX = OFF, STATISTICS_NORECOMPUTE = OFF, IGNORE_DUP_KEY = OFF, ALLOW_ROW_LOCKS = ON, ALLOW_PAGE_LOCKS = ON) ON [PRIMARY]
) ON [PRIMARY]

GO
/****** Object:  Table [dbo].[UserPermission]    Script Date: 16/08/2016 19:49:35 ******/
SET ANSI_NULLS ON
GO
SET QUOTED_IDENTIFIER ON
GO
CREATE TABLE [dbo].[UserPermission](
	[UserPermissionId] [int] IDENTITY(1,1) NOT NULL,
	[CustomerId] [int] NOT NULL,
	[UserId] [int] NOT NULL,
	[PermissionId] [int] NOT NULL,
 CONSTRAINT [PK_UserPermission] PRIMARY KEY CLUSTERED 
(
	[UserPermissionId] ASC
)WITH (PAD_INDEX = OFF, STATISTICS_NORECOMPUTE = OFF, IGNORE_DUP_KEY = OFF, ALLOW_ROW_LOCKS = ON, ALLOW_PAGE_LOCKS = ON) ON [PRIMARY]
) ON [PRIMARY]

GO

/****** Object:  Table [dbo].[Archive_PolledTalkGroupItem]    Script Date: 17/08/2016 14:12:48 ******/
SET ANSI_NULLS ON
GO

SET QUOTED_IDENTIFIER ON
GO

SET ANSI_PADDING ON
GO

CREATE TABLE [dbo].[Archive_PolledTalkGroupItem](
	[ID] [bigint] NOT NULL,
	[TalkGroupItemId] [varchar](50) NOT NULL,
	[TransStartMSec] [bigint] NULL,
	[TransLengthMSec] [bigint] NULL,
	[RadioID] [bigint] NULL,
	[TalkGroupID] [bigint] NULL,
	[TransStartUTC] [datetime] NULL,
	[TransTimeDesc] [varchar](500) NOT NULL,
	[RadioDesc] [nvarchar](500) NULL,
	[ChannelName] [nvarchar](500) NULL,
 CONSTRAINT [PK_Archive_PolledTalkGroupItem] PRIMARY KEY CLUSTERED 
(
	[ID] ASC
)WITH (PAD_INDEX = OFF, STATISTICS_NORECOMPUTE = OFF, IGNORE_DUP_KEY = OFF, ALLOW_ROW_LOCKS = ON, ALLOW_PAGE_LOCKS = ON) ON [PRIMARY]
) ON [PRIMARY]

GO

SET ANSI_PADDING OFF
GO
/****** Object:  Table [dbo].[UserRadioMap]    Script Date: 16/08/2016 19:49:35 ******/
SET ANSI_NULLS ON
GO
SET QUOTED_IDENTIFIER ON
GO
CREATE TABLE [dbo].[UserRadioMap](
	[UserRadioMapId] [int] IDENTITY(1,1) NOT NULL,
	[CustomerId] [int] NOT NULL,
	[UserId] [int] NOT NULL,
	[RadioId] [int] NOT NULL,
 CONSTRAINT [PK_UserRadioMap] PRIMARY KEY CLUSTERED 
(
	[UserRadioMapId] ASC
)WITH (PAD_INDEX = OFF, STATISTICS_NORECOMPUTE = OFF, IGNORE_DUP_KEY = OFF, ALLOW_ROW_LOCKS = ON, ALLOW_PAGE_LOCKS = ON) ON [PRIMARY]
) ON [PRIMARY]

GO
/****** Object:  Table [dbo].[UserTalkGroup]    Script Date: 16/08/2016 19:49:35 ******/
SET ANSI_NULLS ON
GO
SET QUOTED_IDENTIFIER ON
GO
CREATE TABLE [dbo].[UserTalkGroup](
	[UserTalkGroupId] [int] IDENTITY(1,1) NOT NULL,
	[CustomerId] [int] NOT NULL,
	[UserId] [int] NOT NULL,
	[TakGroupId] [int] NOT NULL,
 CONSTRAINT [PK_UserTalkGroup] PRIMARY KEY CLUSTERED 
(
	[UserTalkGroupId] ASC
)WITH (PAD_INDEX = OFF, STATISTICS_NORECOMPUTE = OFF, IGNORE_DUP_KEY = OFF, ALLOW_ROW_LOCKS = ON, ALLOW_PAGE_LOCKS = ON) ON [PRIMARY]
) ON [PRIMARY]

GO
SET IDENTITY_INSERT [dbo].[Customer] ON 

INSERT [dbo].[Customer] ([CustomerId], [CustomerName], [StreetAddress], [City], [State], [ZipCode], [ContactName], [ContactPhoneNumber], [UsersCount], [UnlimitedUsers], [Active]) VALUES (1, N'QSS Technosoft', N'D-115 Sector 63', N'Noida', N'UP', N'201301', N'QSS', N'232131', 202, 1, 1)
INSERT [dbo].[Customer] ([CustomerId], [CustomerName], [StreetAddress], [City], [State], [ZipCode], [ContactName], [ContactPhoneNumber], [UsersCount], [UnlimitedUsers], [Active]) VALUES (2, N'TCS', N'sd', N'sda', N'sa', N'sa', N'sad', N'23', 245, 1, 1)
INSERT [dbo].[Customer] ([CustomerId], [CustomerName], [StreetAddress], [City], [State], [ZipCode], [ContactName], [ContactPhoneNumber], [UsersCount], [UnlimitedUsers], [Active]) VALUES (3, N'sda213213213', N'S2, ', N'Delhi', N'Delhi', N'110016', N'sda', N'dsa', 23, 1, 0)
INSERT [dbo].[Customer] ([CustomerId], [CustomerName], [StreetAddress], [City], [State], [ZipCode], [ContactName], [ContactPhoneNumber], [UsersCount], [UnlimitedUsers], [Active]) VALUES (4, N'df', N'dsfds', N'dsfdsf', N'sdfsdf', N'dsfdsf', N'dsfsd', N'fdsd', 342432, 0, 0)
INSERT [dbo].[Customer] ([CustomerId], [CustomerName], [StreetAddress], [City], [State], [ZipCode], [ContactName], [ContactPhoneNumber], [UsersCount], [UnlimitedUsers], [Active]) VALUES (5, N'as', N'sad', N'sad', N'ads', N'sad', N'sad', N'dsa', NULL, 1, 0)
SET IDENTITY_INSERT [dbo].[Customer] OFF
SET IDENTITY_INSERT [dbo].[CustomerNotificationLastScan] ON 

INSERT [dbo].[CustomerNotificationLastScan] ([Id], [CustomerId], [LastScanUniversalDateTime]) VALUES (1, 1, CAST(0x0000A66400EA548F AS DateTime))
INSERT [dbo].[CustomerNotificationLastScan] ([Id], [CustomerId], [LastScanUniversalDateTime]) VALUES (2, 2, CAST(0x0000A66400EABE07 AS DateTime))
SET IDENTITY_INSERT [dbo].[CustomerNotificationLastScan] OFF
SET IDENTITY_INSERT [dbo].[CustomerNotificationSetting] ON 

INSERT [dbo].[CustomerNotificationSetting] ([CustomerNotificationId], [CustomerId], [NotifiyTransmissionsCount], [Interval], [AfterFirstTransmissionWaitInterval], [LastNSecTransmissionsCount], [NSecInterval], [AfterNSecTransmissionWaitInterval]) VALUES (1, 1, NULL, NULL, NULL, 2, 60, 60)
INSERT [dbo].[CustomerNotificationSetting] ([CustomerNotificationId], [CustomerId], [NotifiyTransmissionsCount], [Interval], [AfterFirstTransmissionWaitInterval], [LastNSecTransmissionsCount], [NSecInterval], [AfterNSecTransmissionWaitInterval]) VALUES (2, 2, 12, 30, NULL, NULL, NULL, NULL)
INSERT [dbo].[CustomerNotificationSetting] ([CustomerNotificationId], [CustomerId], [NotifiyTransmissionsCount], [Interval], [AfterFirstTransmissionWaitInterval], [LastNSecTransmissionsCount], [NSecInterval], [AfterNSecTransmissionWaitInterval]) VALUES (3, 4, NULL, NULL, 60, NULL, NULL, NULL)
SET IDENTITY_INSERT [dbo].[CustomerNotificationSetting] OFF
SET IDENTITY_INSERT [dbo].[CustomerTalkGroup] ON 

INSERT [dbo].[CustomerTalkGroup] ([CustTalkGroupId], [CustomerId], [TalkGroup]) VALUES (2, 1, N'25360')
INSERT [dbo].[CustomerTalkGroup] ([CustTalkGroupId], [CustomerId], [TalkGroup]) VALUES (6, 1, N'25359')
INSERT [dbo].[CustomerTalkGroup] ([CustTalkGroupId], [CustomerId], [TalkGroup]) VALUES (8, 1, N'810')
INSERT [dbo].[CustomerTalkGroup] ([CustTalkGroupId], [CustomerId], [TalkGroup]) VALUES (9, 1, N'2532')
INSERT [dbo].[CustomerTalkGroup] ([CustTalkGroupId], [CustomerId], [TalkGroup]) VALUES (10, 4, N'504')
INSERT [dbo].[CustomerTalkGroup] ([CustTalkGroupId], [CustomerId], [TalkGroup]) VALUES (11, 2, N'504')
INSERT [dbo].[CustomerTalkGroup] ([CustTalkGroupId], [CustomerId], [TalkGroup]) VALUES (12, 1, N'24106')
SET IDENTITY_INSERT [dbo].[CustomerTalkGroup] OFF
SET IDENTITY_INSERT [dbo].[NotificationLog] ON 

INSERT [dbo].[NotificationLog] ([NotificationLogId], [CustomerId], [UserId], [TalkGroupId], [RadioId], [NotificationMsg], [NotificationDate], [MP3File]) VALUES (1, 1, 11, 810, 0, N'Channel Name:  (Anoka County) North Main Dispatch Agency Name: Coon Rapids PD (123395), Transmission IDs: 408708:7533  Agency Name:  (Anoka County) North Main Dispatch (0), Transmission IDs: 408708:7540    ', CAST(0x0000A664013107FB AS DateTime), NULL)
INSERT [dbo].[NotificationLog] ([NotificationLogId], [CustomerId], [UserId], [TalkGroupId], [RadioId], [NotificationMsg], [NotificationDate], [MP3File]) VALUES (2, 1, 14, 810, 0, N'Channel Name:  (Anoka County) North Main Dispatch Agency Name: Coon Rapids PD (123395), Transmission IDs: 408708:7533  Agency Name:  (Anoka County) North Main Dispatch (0), Transmission IDs: 408708:7540    ', CAST(0x0000A6640131087E AS DateTime), NULL)
INSERT [dbo].[NotificationLog] ([NotificationLogId], [CustomerId], [UserId], [TalkGroupId], [RadioId], [NotificationMsg], [NotificationDate], [MP3File]) VALUES (3, 1, 11, 810, 0, N'Channel Name:  (Anoka County) North Main Dispatch Agency Name: Blaine PD (124583), Transmission IDs: 408709:354  Agency Name:  (Anoka County) North Main Dispatch, Transmission IDs: 408709:362    ', CAST(0x0000A6640131A993 AS DateTime), NULL)
INSERT [dbo].[NotificationLog] ([NotificationLogId], [CustomerId], [UserId], [TalkGroupId], [RadioId], [NotificationMsg], [NotificationDate], [MP3File]) VALUES (4, 1, 14, 810, 0, N'Channel Name:  (Anoka County) North Main Dispatch Agency Name: Blaine PD (124583), Transmission IDs: 408709:354  Agency Name:  (Anoka County) North Main Dispatch, Transmission IDs: 408709:362    ', CAST(0x0000A6640131A9A1 AS DateTime), NULL)
INSERT [dbo].[NotificationLog] ([NotificationLogId], [CustomerId], [UserId], [TalkGroupId], [RadioId], [NotificationMsg], [NotificationDate], [MP3File]) VALUES (5, 1, 11, 810, 0, N'Channel Name:  (Anoka County) North Main Dispatch Agency Name:  (Anoka County) North Main Dispatch (0), Transmission IDs: 408709:8462  Agency Name:  (Anoka County) North Main Dispatch, Transmission IDs: 408709:8439    ', CAST(0x0000A664013E8B3B AS DateTime), NULL)
INSERT [dbo].[NotificationLog] ([NotificationLogId], [CustomerId], [UserId], [TalkGroupId], [RadioId], [NotificationMsg], [NotificationDate], [MP3File]) VALUES (6, 1, 14, 810, 0, N'Channel Name:  (Anoka County) North Main Dispatch Agency Name:  (Anoka County) North Main Dispatch (0), Transmission IDs: 408709:8462  Agency Name:  (Anoka County) North Main Dispatch, Transmission IDs: 408709:8439    ', CAST(0x0000A664013E8C08 AS DateTime), NULL)
INSERT [dbo].[NotificationLog] ([NotificationLogId], [CustomerId], [UserId], [TalkGroupId], [RadioId], [NotificationMsg], [NotificationDate], [MP3File]) VALUES (7, 1, 11, 810, 0, N'Channel Name:  (Anoka County) North Main Dispatch Agency Name: Coon Rapids PD (122803), Transmission IDs: 408709:8679  Agency Name: Coon Rapids PD (122814), Transmission IDs: 408709:8720    ', CAST(0x0000A664013EB74A AS DateTime), NULL)
INSERT [dbo].[NotificationLog] ([NotificationLogId], [CustomerId], [UserId], [TalkGroupId], [RadioId], [NotificationMsg], [NotificationDate], [MP3File]) VALUES (8, 1, 14, 810, 0, N'Channel Name:  (Anoka County) North Main Dispatch Agency Name: Coon Rapids PD (122803), Transmission IDs: 408709:8679  Agency Name: Coon Rapids PD (122814), Transmission IDs: 408709:8720    ', CAST(0x0000A664013EB75F AS DateTime), NULL)
INSERT [dbo].[NotificationLog] ([NotificationLogId], [CustomerId], [UserId], [TalkGroupId], [RadioId], [NotificationMsg], [NotificationDate], [MP3File]) VALUES (9, 1, 11, 810, 0, N'Channel Name:  (Anoka County) North Main Dispatch Agency Name: Fridley PD (124406), Transmission IDs: 408709:10245  Agency Name:  (Anoka County) North Main Dispatch, Transmission IDs: 408709:10257    ', CAST(0x0000A6640140D2D7 AS DateTime), NULL)
INSERT [dbo].[NotificationLog] ([NotificationLogId], [CustomerId], [UserId], [TalkGroupId], [RadioId], [NotificationMsg], [NotificationDate], [MP3File]) VALUES (10, 1, 14, 810, 0, N'Channel Name:  (Anoka County) North Main Dispatch Agency Name: Fridley PD (124406), Transmission IDs: 408709:10245  Agency Name:  (Anoka County) North Main Dispatch, Transmission IDs: 408709:10257    ', CAST(0x0000A6640140D310 AS DateTime), NULL)
INSERT [dbo].[NotificationLog] ([NotificationLogId], [CustomerId], [UserId], [TalkGroupId], [RadioId], [NotificationMsg], [NotificationDate], [MP3File]) VALUES (11, 1, 11, 810, 0, N'Channel Name:  (Anoka County) North Main Dispatch Agency Name:  (Anoka County) North Main Dispatch, Transmission IDs: 408709:10477,408709:10500    ', CAST(0x0000A66401411DA4 AS DateTime), NULL)
INSERT [dbo].[NotificationLog] ([NotificationLogId], [CustomerId], [UserId], [TalkGroupId], [RadioId], [NotificationMsg], [NotificationDate], [MP3File]) VALUES (12, 1, 14, 810, 0, N'Channel Name:  (Anoka County) North Main Dispatch Agency Name:  (Anoka County) North Main Dispatch, Transmission IDs: 408709:10477,408709:10500    ', CAST(0x0000A66401411DB8 AS DateTime), NULL)
INSERT [dbo].[NotificationLog] ([NotificationLogId], [CustomerId], [UserId], [TalkGroupId], [RadioId], [NotificationMsg], [NotificationDate], [MP3File]) VALUES (13, 1, 11, 810, 0, N'<bold>Channel Name:</bold>  (Anoka County) North Main Dispatch <br/> <br/> Agency Name: Anoka PD (124013) <br/> Transmission IDs: 408710:1778  <br/> Agency Name:  (Anoka County) North Main Dispatch <br/> Transmission IDs: 408710:1791    ', CAST(0x0000A66401442816 AS DateTime), 0xFFE328C40015C00A325743100001A5AEAACF9800042381F07CB9F782034107170F973E2059F07F890E1707FE247440E0438261F28185820B3F287160FBC1F53A230FFD61FFE5C3E230FD6F0FD60F970FF043043F940C1474A0D041D94FCB83E5DF13BC1F021230007007F303770551497123D4B5A15AADA083B548A99FDDEFFFF76CFFFF9BBF7B60B1FE2F2089DBB1B7FFE328C42C2323C265698D3000913FB67FF75D6DAC524EDF0DA3DB76CDDF5BA810BE9963EFF7ECCE89475615350B63F694B28A77B8ACFB6DBEDE915D6C57607448DC71A94B36DFD7F0A24820FBCA9229160EC7BFDF182910E50F4AC104A86A3B28417549C28EDEE0D470A2A653D51AFFEC92D8DCC0002BFE8DAFAD1989E84B7DBFFB32FDFF7CE73D5AC8E7574642D812FFE328C422188BD2865FC21000D8C0DAAF5791F9ED46BBD2E52916EA8E77B264A5BBE74AB2B76C875B2A95D6AAD2EF375AACC6EDD08ECEDA9D51C85D6C7BBB3577DDFD6CE0460D1758DDCC55342A16A928AAAE00007FE4D7E973FBEC7E7EE7545C5E5CBF0890CCA5597B9CB79F270B270F6BF921597330EE08D8EB6244B1EBC3F1A5A6A6A6B9BB11E5012D1192E2F9FAFFE328C4421A13CA723638461CAE7AEAB7EFE7DF3B5A339179CAB0AC662B9FF324C8F263AAD25D4E9F4D47095C1F2835A709FA2A2A9900300074CFD2D91B5CCBE99E799854FB28A8CC1D78FCB19FD9C52B99A6C7342EACC8E152F43E06E3D1171CBCC9A97E7B10E667216BA16A6654B820FDBFD24BE3B708CCAED987042C426816F6205CFFF49A61450C704AB486E39EFFE328C45C18E2E6618C50463DAA477EEC85BEDFBA123762257E000024CF5DDAF54F7FDE5CCF238675CFE49869DEF56E4E19398426144DA423C401E211C846C0B942776D328DBAB188FFBB15914C567DDDCCEE44D5332EDDF596D355D1955644E9A27BA91F23BCFA3B2B9B7BEBBDC5435A225151261614462461289D0AE55A0DB7385C4001B9EDEAFF379E4CF5C8BBAFFFE328C47B1A83FA6E4E384A7D0BA935DFCDDF36D782C6309E3D2406158D17874CD3874CFEE5928C49B82351210EE5449332D930D5F13D872F63107D5F657FE4E73575DD2EED89FF068B5AFBFE61D57DBABC13DB45F6412C4FF6D721D3F71ACBA54E449280001BF5FED4F33FAE0FFE6E722AFFFA272A359232D6D367D77A79CEFCD45AE301F2F1DB79E874C8BA960301FFE328C494187A2A662C50463D61A39E6D6A985BDF5220488868D2289A5A54F5998D51EC2B250D6C718BA66D9C4038B1911BDE1F49554C414D0D272204E60002CEBEEFB2D56FC647DF247C53FF83FF8F6495CF31DA796FDF497CF2FD3929BBE99C9867ABBC1F0080D0D84F2FFFF5FA59B78814427AEEF4653B335AFBFF9FAB0532FCBD61D9A3E7CCF6BF838281F14475FFE328C4B516A1CA7A5E284C3C3EA3DBD21FF95511B72225F4D00003A7FA25D2CA799BB74A55966512B5392864FA18889394CDB9C658E32F7E8BF91A37C4B522F7C9A09EA063A64653C932E50844FA78C43067FF321A64BC840B2EABE4D20ABAA82126D649D2A84B0E47E3AB90610FEBD941B61D0F290CD28208AA0C92313D3A8215C966B11DF5A9C333562247AE0E24FFE328C4DA1752066A4C38463D7180097162BC1B0B0D9BA000DD6A1120665FAC8B5BA79CBFB3FF9189D299CBC670DBCE96EE394D79FF522F5881944CB9A2B53E834A797B5AA6357E1D120D0578EB324C02A87C2EDDA4DA081C120D0ED9A5B92B56F2F9EDA79C9A8E4D0F34B20BA8575C62F517A6F7505A1D3F7DA39FBB785D65117C6522C8A0EC450C31068A628B8B79FFE328C4FF225C0A66565187288EEF5EDBA5557939FB33164937F216497249F5500001AFE6BB3AD77DD69E6DE88876E7AB2CD3743AF73AEBB32DEE8627B16ACC41F721851AD27F0F64A33D27B80BAD29CBD1691169E7EBDFB5FD26496AD6085E633C06C39478612ADA08C291EB93B1893235F3DAE79A7C4C89F8830371640728957411975E1427427616145C9E7DF587FFE328C4F820B3FA5140684C1D70C318560F21B9D248290052FBAA00C73AFB5A80004B896145CEBB7FD56BA97EFD4A7F755D05FBEEAFFFE7FFB3379F2CF4F72DDBFD5CEB57F1BD8DFBEF619DDDDF331F6B6B3DCD953E2EB210BA8CC78ECDFDFDCF97DEDB1E6A1EA1F7BD9997DF735BBB76CBEFA64A71F7FD68BA31D072604826E9C59989C92205EB929A626C87213ADBFFE328C4F82093FA6A56398724FC932D70D7765AD90C3CEBC8BB882125B54BF09F784FFB6E4A00A86B51A69229B69B920CFA64379990FC8E4C2C5B7EB9ED6638789F5EB3F0FF587F03654515B6E2BF9B7ACCF79D0C449632C6D9A9A3C4878C4DBA57DBEE7959D7084282AE70E040DC4D43791DBE13FB6F1B9F53CB3EA9E95C65AA2D5DAAD54CCCF66589132C5A5DABEAFFE328C4F823640676374D3001F1549E8AF58B6C5113EBAC17F21C9C7A74B19CE58CFA51C5EE512038C4C478106F0ECE0D90DBD655CE319A5EC064638395CB32595E9F43D895884436256ABA1B629D4CF15CC2C2C112130AA9287CBE51B91CEA98AB7051C896352A85EDE12A55470F44B8B041726F57D19676074E0AD5E5F41A3F55FAF2F99C4E972B018CC01C4ECBA5FFE328C4ED379BC266598C7800ACD004272E1888FE3BE4AE5F097A353721CB4A192FEA7433A4E89BDD695DAC7EAAA13C1702E00358490251AC6E0B61A8C3B837280152884218D425CECDC864243A73FE7D3F679AD09B538E747D33C64F4963C7A7C5F7A81E96ADED9753E2DFE2794E77245268EB54290C83A21C0DF849E3C2D591464CD1D17F85CDDB7BA949901A74C5FFE328C49135E3C2CE599878002212F8D455C0CB85EEFE3D2EF16A2FD5A2F8F4D746C427C3E475C582F6B0DCA2EFEFD3577FB80F34E2E74717378DC867FFEADAF4CF3F22CBFE25CE71FE2551EBD9895C82CFC425753874923334A700EEB2EEFBFFFFDC7F5D82919236BD100EA8A03A57CB9CFBD19B3BC9B80880A738240974D349A73326928F4345FFFECA1FC741FAD6FFE328C43C26C3C2E315D840024B5FFCC3900D038070171CCCB5FF9120D03C0681E0363AFBFFC8DDD129BFFFE2A4F7731458E6FFFFEFCE5078170B30363BA31667E4E284206C734453DBDF145DA4B37FFFF142EC28EB1FFFFFFC1C2AADFFFFFF02C49AB77FFFFF8B0D00BBEAB646668AEA855000ED3BE92305B01E1B0F987CF7DCE92040301F0587F114FFDB47200800FFE328C424242386D6F6524A7C090801F070795637F208918262B6D8158788034744BB082E8D042F50118785C115C531C8433DDCD85CA099582D18CF610B68C18274088AB288D078AFCCCE2918C390C6775428B0A83910A72CC8EFF7D584A643193FAA9B98C6766E9EA759DEAF4E88D5AD3EC30048FB419FBAF5009A99AADE418E80018015A749D3243DFFAF1E53BC67FFE328C416203362E2FE03D03087542629F3EF5ADEEAF4797025C8546E3AFE105C3B0150F4735FFC4094871526BFF9C60724A0B0B37FFC2B4FFFFFF1FCAAFFFFD7CB35FF03481CDF0CCD3142088458E6E7E5DCF2096FFFD10F451F51FFC444DA5B4FF3362C2A49079ACBC4BBBA1A58C935D4066F8E2DF8957E7704D9A3C065000BFFDAE72449500B0345B30DA9DA8B24FFE328C4181C935EC27E588D4C921E66B9FE126B4921E4B76FFF0E7243B97B6B69DFD6A0EE5CD62FFF6B511DA74D943DCFFDB4927527D7E630632A7EA5533AFFCA51263B55BCC62A397E818080852B197EA529737FFFFFF95BF9A44925AEA064C89095C8B7CA8095002B5C6DBAE00006FFD848698489FE45BFFC479C5865BFE5AB439A79148652DDEFEC5E8DEDE47DC7FFE328C42819FAFA7DBE28461D433C7CD4CC8C1143273630558E687742F33A676D5A57879664BDEBB540A9B56708D0F3C8D982E47FC0FDAE5B374E30198DA0B65EAD47EEFFE20178D14BB38DF41ADB62455DD400037FDBB3B6603A9E0E4672FE7979CBF0C8172E5E792DC8C8D13FE5D0D652FD5BB4F0D0C49D163B71F8914511003F4E93DCCA1311BAF161AFDDE6DA76FFE328C4431923C6765628465D943C9EDD3B97E597EBFE7A9799FE9B9652DF88F3F3CCECA8C1028A2CDB7E68BB2BBA1ACB6E556600007FF464357436CAB1E091F0FE5D45ADB07F4C6325D7C6CD6759A941DFFE9E3BFC32CD5A76E5FB4FCFB385A8A5EB23B2B53723C9CE9EE644D14D1608609875737697BD8204A5CD400269A50C0BEF735E2468BDCF0CACA383E91238FFE328C46117C2B66E3638465CE1246F000D8DF6DE73B75277914767C595A73FB99031C276E18244B0D584C53CA17AE5800A5BB3D8C2A03087466CC8C9B2CC9F6749BC07BC4A7CE7C4CE2BC1270B0B2D6F53639613F7ABD33EAD255593CDCE0525646E496939764F4E7CAC0F7E7C7CCCB0A03F27A69618B800573E8F75DBF95F87AC2DD1F372F65D14FAC620D023EC96FFE328C4851AC3A2664C50465DB686A869E6CD58FC41582C8C8B322762C3E6620EBE39C2633AAD6E9D0687E79576B01A9350A4C76A71090889F8DFB9CE073362A1608FCC239EC2A404140471D627B6CED7FBF7D7698FBDEFEC550DB73A1FC000049D3ECC7FCECC57F7B9F3773E7465CA2BFCFE77CB91E19757AC73FFD5ACCB68550FA316A4ABBB4537DB79911368914EFFE328C49D198B0E598068463D9F57A71090A75DFA999E9677C8A7ABFF392799997921F33A5AB9E5CE7DD46EC732FEB8708AC4A68E04C32005B6AA76D6124B62202AD800245D7B687E9DB939F5CF2EF5965F467F9F532FFFE7FD979162E9D2D7C1C839A9733FA5387D58B2AE8446E75109A6C24FA5558CEF96BEB4179A7E716E680A24254386E5F3E99E0424052CA670FFE328C4B9197BCA6A2E38465C91B338688249B03112453676E457A4D60E292200B2380026FF79ABB1CB79FC4DD8B5CF26A5E6889742926B7E94F91CAF0ABC9548941BD4A563D26EFAEBE5B9EA3548AA5B21320E76150790E41FEC16866BA661152302B1E51C99D9799F144AF6B533699CE88BBF714FE7FF59BF1FEE3D377C9676FF2A56A7AE6E94ADBA69F0D399BF1FFFE328C4D618C34A6A5438465D15911D9B5D9B24E40DDC36F6895A54A6076BB509472220AB3800166DAC65F997B13D0550C46A88A4C4A8859A1C026B5CC848DA72D442955D2A234124C1C7FF63771FA265B14DDCFF2C6AC71452E5B2CBCC6836A1BFB39B63FED67C455954A388CAE9A08E8F467B77B6DCF7BD9AF1DEB7D3F3E0A79FB357E365F67326D9E61E63526C7DFFE328C4F6215BF25E5450CC5D69DFDBCFFCA4BD7A475B4AF6ADED62132A0DC93D6D21500001D05A6AAF4CCAB854D08B55552FAAAAA5C65513FF69DE8089E9552FF2686A55766FA144967AA977666529ECC7EBB73262ABB060235E31AAC3F63AA5C65E31FC6D8F63ABF54A333793010A513D60C2AAA9772D8F6A14F9EAB1A37F54B6AAA4C2AAEA4763528776AA5E5F76FFE328C4F3200BFA5E54384C5D3EAB1F6011B33318513BFF2B4C414D45332E39392E3555555555555555555555555555555555555555555555555555555555555555555555555555555555555555555555555555555555555555555555555555555555555555555555555555555555555555555555555555555555555555555555555555555555555555555555555555FFE328C4F51F7C0E4656404620555555555555554C414D45332E39392E35555555555555555555555555555555555555555555555555555555555555555555555555555555555555555555555555555555555555555555555555555555555555555555555555555555555555555555555555555555555555555555555555555555555555555555555555555555555555FFE328C47C00000348000000005555555555555555555555555555555555555555555555555555555555555555555555555555555555555555555555555555555555555555555555555555555555555555555555555555555555555555555555555555555555555555555555555555555555555555555555555555555555555555555555555555555555555555555555)
INSERT [dbo].[NotificationLog] ([NotificationLogId], [CustomerId], [UserId], [TalkGroupId], [RadioId], [NotificationMsg], [NotificationDate], [MP3File]) VALUES (14, 1, 14, 810, 0, N'<bold>Channel Name:</bold>  (Anoka County) North Main Dispatch <br/> <br/> Agency Name: Anoka PD (124013) <br/> Transmission IDs: 408710:1778  <br/> Agency Name:  (Anoka County) North Main Dispatch <br/> Transmission IDs: 408710:1791    ', CAST(0x0000A66401442828 AS DateTime), 0xFFE328C40015C00A325743100001A5AEAACF9800042381F07CB9F782034107170F973E2059F07F890E1707FE247440E0438261F28185820B3F287160FBC1F53A230FFD61FFE5C3E230FD6F0FD60F970FF043043F940C1474A0D041D94FCB83E5DF13BC1F021230007007F303770551497123D4B5A15AADA083B548A99FDDEFFFF76CFFFF9BBF7B60B1FE2F2089DBB1B7FFE328C42C2323C265698D3000913FB67FF75D6DAC524EDF0DA3DB76CDDF5BA810BE9963EFF7ECCE89475615350B63F694B28A77B8ACFB6DBEDE915D6C57607448DC71A94B36DFD7F0A24820FBCA9229160EC7BFDF182910E50F4AC104A86A3B28417549C28EDEE0D470A2A653D51AFFEC92D8DCC0002BFE8DAFAD1989E84B7DBFFB32FDFF7CE73D5AC8E7574642D812FFE328C422188BD2865FC21000D8C0DAAF5791F9ED46BBD2E52916EA8E77B264A5BBE74AB2B76C875B2A95D6AAD2EF375AACC6EDD08ECEDA9D51C85D6C7BBB3577DDFD6CE0460D1758DDCC55342A16A928AAAE00007FE4D7E973FBEC7E7EE7545C5E5CBF0890CCA5597B9CB79F270B270F6BF921597330EE08D8EB6244B1EBC3F1A5A6A6A6B9BB11E5012D1192E2F9FAFFE328C4421A13CA723638461CAE7AEAB7EFE7DF3B5A339179CAB0AC662B9FF324C8F263AAD25D4E9F4D47095C1F2835A709FA2A2A9900300074CFD2D91B5CCBE99E799854FB28A8CC1D78FCB19FD9C52B99A6C7342EACC8E152F43E06E3D1171CBCC9A97E7B10E667216BA16A6654B820FDBFD24BE3B708CCAED987042C426816F6205CFFF49A61450C704AB486E39EFFE328C45C18E2E6618C50463DAA477EEC85BEDFBA123762257E000024CF5DDAF54F7FDE5CCF238675CFE49869DEF56E4E19398426144DA423C401E211C846C0B942776D328DBAB188FFBB15914C567DDDCCEE44D5332EDDF596D355D1955644E9A27BA91F23BCFA3B2B9B7BEBBDC5435A225151261614462461289D0AE55A0DB7385C4001B9EDEAFF379E4CF5C8BBAFFFE328C47B1A83FA6E4E384A7D0BA935DFCDDF36D782C6309E3D2406158D17874CD3874CFEE5928C49B82351210EE5449332D930D5F13D872F63107D5F657FE4E73575DD2EED89FF068B5AFBFE61D57DBABC13DB45F6412C4FF6D721D3F71ACBA54E449280001BF5FED4F33FAE0FFE6E722AFFFA272A359232D6D367D77A79CEFCD45AE301F2F1DB79E874C8BA960301FFE328C494187A2A662C50463D61A39E6D6A985BDF5220488868D2289A5A54F5998D51EC2B250D6C718BA66D9C4038B1911BDE1F49554C414D0D272204E60002CEBEEFB2D56FC647DF247C53FF83FF8F6495CF31DA796FDF497CF2FD3929BBE99C9867ABBC1F0080D0D84F2FFFF5FA59B78814427AEEF4653B335AFBFF9FAB0532FCBD61D9A3E7CCF6BF838281F14475FFE328C4B516A1CA7A5E284C3C3EA3DBD21FF95511B72225F4D00003A7FA25D2CA799BB74A55966512B5392864FA18889394CDB9C658E32F7E8BF91A37C4B522F7C9A09EA063A64653C932E50844FA78C43067FF321A64BC840B2EABE4D20ABAA82126D649D2A84B0E47E3AB90610FEBD941B61D0F290CD28208AA0C92313D3A8215C966B11DF5A9C333562247AE0E24FFE328C4DA1752066A4C38463D7180097162BC1B0B0D9BA000DD6A1120665FAC8B5BA79CBFB3FF9189D299CBC670DBCE96EE394D79FF522F5881944CB9A2B53E834A797B5AA6357E1D120D0578EB324C02A87C2EDDA4DA081C120D0ED9A5B92B56F2F9EDA79C9A8E4D0F34B20BA8575C62F517A6F7505A1D3F7DA39FBB785D65117C6522C8A0EC450C31068A628B8B79FFE328C4FF225C0A66565187288EEF5EDBA5557939FB33164937F216497249F5500001AFE6BB3AD77DD69E6DE88876E7AB2CD3743AF73AEBB32DEE8627B16ACC41F721851AD27F0F64A33D27B80BAD29CBD1691169E7EBDFB5FD26496AD6085E633C06C39478612ADA08C291EB93B1893235F3DAE79A7C4C89F8830371640728957411975E1427427616145C9E7DF587FFE328C4F820B3FA5140684C1D70C318560F21B9D248290052FBAA00C73AFB5A80004B896145CEBB7FD56BA97EFD4A7F755D05FBEEAFFFE7FFB3379F2CF4F72DDBFD5CEB57F1BD8DFBEF619DDDDF331F6B6B3DCD953E2EB210BA8CC78ECDFDFDCF97DEDB1E6A1EA1F7BD9997DF735BBB76CBEFA64A71F7FD68BA31D072604826E9C59989C92205EB929A626C87213ADBFFE328C4F82093FA6A56398724FC932D70D7765AD90C3CEBC8BB882125B54BF09F784FFB6E4A00A86B51A69229B69B920CFA64379990FC8E4C2C5B7EB9ED6638789F5EB3F0FF587F03654515B6E2BF9B7ACCF79D0C449632C6D9A9A3C4878C4DBA57DBEE7959D7084282AE70E040DC4D43791DBE13FB6F1B9F53CB3EA9E95C65AA2D5DAAD54CCCF66589132C5A5DABEAFFE328C4F823640676374D3001F1549E8AF58B6C5113EBAC17F21C9C7A74B19CE58CFA51C5EE512038C4C478106F0ECE0D90DBD655CE319A5EC064638395CB32595E9F43D895884436256ABA1B629D4CF15CC2C2C112130AA9287CBE51B91CEA98AB7051C896352A85EDE12A55470F44B8B041726F57D19676074E0AD5E5F41A3F55FAF2F99C4E972B018CC01C4ECBA5FFE328C4ED379BC266598C7800ACD004272E1888FE3BE4AE5F097A353721CB4A192FEA7433A4E89BDD695DAC7EAAA13C1702E00358490251AC6E0B61A8C3B837280152884218D425CECDC864243A73FE7D3F679AD09B538E747D33C64F4963C7A7C5F7A81E96ADED9753E2DFE2794E77245268EB54290C83A21C0DF849E3C2D591464CD1D17F85CDDB7BA949901A74C5FFE328C49135E3C2CE599878002212F8D455C0CB85EEFE3D2EF16A2FD5A2F8F4D746C427C3E475C582F6B0DCA2EFEFD3577FB80F34E2E74717378DC867FFEADAF4CF3F22CBFE25CE71FE2551EBD9895C82CFC425753874923334A700EEB2EEFBFFFFDC7F5D82919236BD100EA8A03A57CB9CFBD19B3BC9B80880A738240974D349A73326928F4345FFFECA1FC741FAD6FFE328C43C26C3C2E315D840024B5FFCC3900D038070171CCCB5FF9120D03C0681E0363AFBFFC8DDD129BFFFE2A4F7731458E6FFFFEFCE5078170B30363BA31667E4E284206C734453DBDF145DA4B37FFFF142EC28EB1FFFFFFC1C2AADFFFFFF02C49AB77FFFFF8B0D00BBEAB646668AEA855000ED3BE92305B01E1B0F987CF7DCE92040301F0587F114FFDB47200800FFE328C424242386D6F6524A7C090801F070795637F208918262B6D8158788034744BB082E8D042F50118785C115C531C8433DDCD85CA099582D18CF610B68C18274088AB288D078AFCCCE2918C390C6775428B0A83910A72CC8EFF7D584A643193FAA9B98C6766E9EA759DEAF4E88D5AD3EC30048FB419FBAF5009A99AADE418E80018015A749D3243DFFAF1E53BC67FFE328C416203362E2FE03D03087542629F3EF5ADEEAF4797025C8546E3AFE105C3B0150F4735FFC4094871526BFF9C60724A0B0B37FFC2B4FFFFFF1FCAAFFFFD7CB35FF03481CDF0CCD3142088458E6E7E5DCF2096FFFD10F451F51FFC444DA5B4FF3362C2A49079ACBC4BBBA1A58C935D4066F8E2DF8957E7704D9A3C065000BFFDAE72449500B0345B30DA9DA8B24FFE328C4181C935EC27E588D4C921E66B9FE126B4921E4B76FFF0E7243B97B6B69DFD6A0EE5CD62FFF6B511DA74D943DCFFDB4927527D7E630632A7EA5533AFFCA51263B55BCC62A397E818080852B197EA529737FFFFFF95BF9A44925AEA064C89095C8B7CA8095002B5C6DBAE00006FFD848698489FE45BFFC479C5865BFE5AB439A79148652DDEFEC5E8DEDE47DC7FFE328C42819FAFA7DBE28461D433C7CD4CC8C1143273630558E687742F33A676D5A57879664BDEBB540A9B56708D0F3C8D982E47FC0FDAE5B374E30198DA0B65EAD47EEFFE20178D14BB38DF41ADB62455DD400037FDBB3B6603A9E0E4672FE7979CBF0C8172E5E792DC8C8D13FE5D0D652FD5BB4F0D0C49D163B71F8914511003F4E93DCCA1311BAF161AFDDE6DA76FFE328C4431923C6765628465D943C9EDD3B97E597EBFE7A9799FE9B9652DF88F3F3CCECA8C1028A2CDB7E68BB2BBA1ACB6E556600007FF464357436CAB1E091F0FE5D45ADB07F4C6325D7C6CD6759A941DFFE9E3BFC32CD5A76E5FB4FCFB385A8A5EB23B2B53723C9CE9EE644D14D1608609875737697BD8204A5CD400269A50C0BEF735E2468BDCF0CACA383E91238FFE328C46117C2B66E3638465CE1246F000D8DF6DE73B75277914767C595A73FB99031C276E18244B0D584C53CA17AE5800A5BB3D8C2A03087466CC8C9B2CC9F6749BC07BC4A7CE7C4CE2BC1270B0B2D6F53639613F7ABD33EAD255593CDCE0525646E496939764F4E7CAC0F7E7C7CCCB0A03F27A69618B800573E8F75DBF95F87AC2DD1F372F65D14FAC620D023EC96FFE328C4851AC3A2664C50465DB686A869E6CD58FC41582C8C8B322762C3E6620EBE39C2633AAD6E9D0687E79576B01A9350A4C76A71090889F8DFB9CE073362A1608FCC239EC2A404140471D627B6CED7FBF7D7698FBDEFEC550DB73A1FC000049D3ECC7FCECC57F7B9F3773E7465CA2BFCFE77CB91E19757AC73FFD5ACCB68550FA316A4ABBB4537DB79911368914EFFE328C49D198B0E598068463D9F57A71090A75DFA999E9677C8A7ABFF392799997921F33A5AB9E5CE7DD46EC732FEB8708AC4A68E04C32005B6AA76D6124B62202AD800245D7B687E9DB939F5CF2EF5965F467F9F532FFFE7FD979162E9D2D7C1C839A9733FA5387D58B2AE8446E75109A6C24FA5558CEF96BEB4179A7E716E680A24254386E5F3E99E0424052CA670FFE328C4B9197BCA6A2E38465C91B338688249B03112453676E457A4D60E292200B2380026FF79ABB1CB79FC4DD8B5CF26A5E6889742926B7E94F91CAF0ABC9548941BD4A563D26EFAEBE5B9EA3548AA5B21320E76150790E41FEC16866BA661152302B1E51C99D9799F144AF6B533699CE88BBF714FE7FF59BF1FEE3D377C9676FF2A56A7AE6E94ADBA69F0D399BF1FFFE328C4D618C34A6A5438465D15911D9B5D9B24E40DDC36F6895A54A6076BB509472220AB3800166DAC65F997B13D0550C46A88A4C4A8859A1C026B5CC848DA72D442955D2A234124C1C7FF63771FA265B14DDCFF2C6AC71452E5B2CBCC6836A1BFB39B63FED67C455954A388CAE9A08E8F467B77B6DCF7BD9AF1DEB7D3F3E0A79FB357E365F67326D9E61E63526C7DFFE328C4F6215BF25E5450CC5D69DFDBCFFCA4BD7A475B4AF6ADED62132A0DC93D6D21500001D05A6AAF4CCAB854D08B55552FAAAAA5C65513FF69DE8089E9552FF2686A55766FA144967AA977666529ECC7EBB73262ABB060235E31AAC3F63AA5C65E31FC6D8F63ABF54A333793010A513D60C2AAA9772D8F6A14F9EAB1A37F54B6AAA4C2AAEA4763528776AA5E5F76FFE328C4F3200BFA5E54384C5D3EAB1F6011B33318513BFF2B4C414D45332E39392E3555555555555555555555555555555555555555555555555555555555555555555555555555555555555555555555555555555555555555555555555555555555555555555555555555555555555555555555555555555555555555555555555555555555555555555555555555FFE328C4F51F7C0E4656404620555555555555554C414D45332E39392E35555555555555555555555555555555555555555555555555555555555555555555555555555555555555555555555555555555555555555555555555555555555555555555555555555555555555555555555555555555555555555555555555555555555555555555555555555555555555FFE328C47C00000348000000005555555555555555555555555555555555555555555555555555555555555555555555555555555555555555555555555555555555555555555555555555555555555555555555555555555555555555555555555555555555555555555555555555555555555555555555555555555555555555555555555555555555555555555555)
INSERT [dbo].[NotificationLog] ([NotificationLogId], [CustomerId], [UserId], [TalkGroupId], [RadioId], [NotificationMsg], [NotificationDate], [MP3File]) VALUES (15, 1, 11, 810, 0, N'<b>Channel Name:</b>  (Anoka County) North Main Dispatch <br/> <br/> <b>Agency Name:</b> Anoka PD (123805) <br/> Transmission IDs: 408710:2136  <br/> <b>Agency Name:</b>  (Anoka County) North Main Dispatch <br/> Transmission IDs: 408710:2142    ', CAST(0x0000A6640144AFC7 AS DateTime), 0xFFE328C40016EA6E2A574310000195AB6830BC000010B7777DDF3D10AA217D73DDF885FBBFC442A89D3FE909FC8DE46908D539DE73F4D484FD4846A9CEF3BFF39FFFFFFE7F39CE8062C7381F2EF973E0F9FCA1CFFF3986048709D6087D60F9F07E5C1F2E1FE18970FA0034D46205AAAC04CC782A7C2DDDD166552D350C7ED673B77BFFE635F7D3777FCB17E2FA58BEB9FFE328C427232BC272118A4000A45E2D27497EDB86668EA778FB9BDAF48FBEFF5BE26222345630F817844814194A2380A02A0A588EE408F4F36382C0DA0380FA460761E83554C2875034220F2DC74DD092AA7EF9B917879EF4A18B7DD962849826AD4C49440ED04C204078A210A1C1D154A7DDA68A24A2AAA688B9B3EE38E27B699FE2F077F378B351F3FD6FEFFEFB17FFE328C41D23BB5ABD918F58007D4725CB91B9BD8EB3F7B412913A218FC4D2F1401C1D0F03B2B9B65007102B315AA94DC56651D7B2BFFFA96EDAE5BAD5F3D7FFF27C98B3FF6B5889360A8B888C556BE38889EFA4CDCFE99F3936C630DEDAE8A9DCAB6DB5649FEF671FD4FD7A66EF346BEBFF394499774E936477B118CBA490857763A1BF087300003A9C9EAB5D495D65FFE328C4112141D6DEFFCF4000F3969B8B721E00B41D2126130518039108003440C7EB124554A550EBEEF2CB0B109F42C63FF9FFEBC0782E35C6AA4555DDB9E2E7F34E7DC4763F58AAA241789CA0E03C0F12399833FD08444D082050CE4C403446B07C3FB0B85801FFE7F1381DBFA8221E0F8442CED6F35B4E6DA2202EA8C1CDEB80009600138585799FFA0AA5D8EFFFFFE328C40F1EBB2ED5845245644911A6FFF42505F0941980487A75158D348898E9A4E2E2330552DF9C69A6AB9854A171F2E8FFD9514DFFF69E41EB15509A4AC63924924135858130A084B09852BB173D140206264084F9223AB74BECF610DD4CC7636655EBA025393EF67066C686CE51587EDF71FDB342C3137A6BA691667A8138000AA8977D66DFD3DBADBE604EB1C2FFE328C4171BFA66E31F4C10003EF7B7FCFF960E2B8921D0FCF57BE0FA4EF4CCEE1D19475C18514BF3150080958CBFA290A818505442AAEEC62FD7EA8A43B5FFE771265A3E52A1DA60A088F98C60C04E6DD6834FD4DACB0779ACF034FF8884C1DFF95F0E951A04B72482C128B24120167BFEB3DD3D3195595A28E4817CBE7C1CE70C02B3F0D5E1F72A062312714A05D0FFE328C42A274BC2DE598D98021E8810B3405B8387FC8B97DC8BA52FA42F830206340F88AE4589D132FFCF199F620E667C66C8614DD63A083AA3E04EC4D0E576FF17393C5417393E80B8C9B3E201948821D366AC9F4AA261E9B7FF8B8C9E2084F99B9135206F6A72C22A5292EFFFFFF56CCABA085F5CDD45FD24B59B366EF983D5359977D1D800370005FFFFFFFF822EFFE328C40F1D43DACEFFCF680011BD33BDD2F01728601F14589AF121C9962EAA4BA56F6C5B1ADEB4FC990485435A61AABC5904945AA07D5ABAC4D09674AEDA0E4C18413A45EB7AEEA63657FAD43D54EDFE5D67FFADD1FFDD16FF53974D52FF44C9FFF53FFFFFF6FFE8FFF47FE8266405EB1C05975DAA2CD8100006749FEF50F3AB4AC38B244D450061EA08A9E272E712FFE328C41D1D2962E25666523248D655B955D725321113383D991683DB8D4028A0E3E20A0BF8401A3329627A0D00AED945AA44632EA6A5E43FFE1BF7360C89E1D71598C28CA32415ED4E138762E548CC993340F453CCBEF7CCFFFFFFFFFFFFF43E67EFFF4291822002C000BA10610D3E6C5C5AD4AA9C99355A3A26ADD4648D77A492470D9D25A9335ACC5BD464BFB301FFE328C42B1D0A8EBA2D51180037FC023F5FF9F42B652D0C3F2BB4CD28D395F9A3E47498E3942E58C8F4F78BAC950A13A682269AB9C1219430C200A0413C554D4B7A80928F9F362748755A9D50D4DE2C00161605864D55116BBDFD95003C19FC139DC3EADD79C5EE8C0D0F0C821AFB02CCB24392C0037CA73FE5C040208102CCAB1F4B86DD7DB6E772C3B3EE2D14D7DEFFE328C4392B53C2B591886000864F9F3D12E9B4331D290AE32EA437335EBF1F70C1EB6D175B6B8C9CA96FECCD52D7DECB091ABC0E133B1C77A9C74FBB009E4CE661329B4F43FDD69DDACCCFE751CE9A75921813D7E7B396AC0F2D93A3B7D42FDF58EB4DF7CE7D2FDDD87EFC366165263E7F599EB538A2B986B27F691DAFD36FD7559A448D9E1E900C00014B73C45BE1FFE328C40E1AC0E2BE7FCF1000E4B9C6EBA7057CF6F48D32AEDBF6EF5FEADE495B9926C5692C9AB5B347F020FC7D87100F4789CDAC3249AB28460322080BBC684C854A39008943410FEC138F28E609C60604EFF9354E4CEB2EF90FCB812099F3E18C9A84EB7A2FD2B2298CB4D132C201800198C08AEB3B6B753771A5DF3B759EBDAE0A6866B0862110416859FA2211BBFFE328C4261C71F2B65C60CC788BDDDCD09DCCC9C72D3FEBC2C9FCD3C8D0C9CD0BE9864A68279692883EA6698486DCC5CDD98358704C7858C9E1C798303A60E92225AFC1A7A7407777A40D09846741528D4A0681436614CFA1888898A9BB91FFE2674F3FDCDDFEAD4B84F6F2944E94DDAFBE10B8BD0964048151F244EAE4294858C2444FB83469A4A446AC4C5405B36BFFE328C4371A6A0F3F184E04E620E2165CB40C9E5AEBC06C1E0B6F5EF7A646D6DF381195A002A2B3AA2AD9D87FFFFFE80D39E8A3C1C49A1DFA3FFC597FD260D2CDC734FEE0C0A529CA4FF51BA0BB6D3008DB2B5AB5AA8E624B2346BED3E512FB02D5F10A0C076ADA3E8D20F4A180E636CA502646004882A52020E4A06F08A9509F702FC9476A67CA73871198A9041692FFE328C4501C914ECE50699E2C742684A8CF2509B36EF40387903846702E1C1E451FEDFF7A1EB787C6855D10911ACA6A7659FE51A05400027169DE8EE85DC6E1A6B592818F75F2F2492597A772B75B16696681BA3A029EB0C2A30230A1995BFF26E27E46465A419DE58596470439A657E52773CC2516D11CC850DF91E5D280C6B01C7716D3545962AC4C64E3D287B442FFE328C4601BBA42B65639861495695762B73B9411284C2C2C050DDD478A9A9664449A80011D44736E3F50B569344A88E42A01AB8CA3283CCB01A10C4245AF85F6B04864F0C8DBC854B1F77421FBB2AA5DD24FD14DC9993103415B2B7DB35367F3FCB9D5FCF79F370F3F87774926231AC02B18487648492681E4A69116454E5FAAAB482458CB90350C6BB9AFCCE5D8F6FFE328C4741D0976BF1666064C2A0546FCB26A34001CB5FA533586B0D4C4810318CB5B2AFB3EC9FE59B7AEC785668C6A674C99A354814B0C38080890402AA26367231AA91AA17FE14B0CCD950AA17049A25054B4152254E874AA835CF0F0548D5963CCC44583AA3CE3A1D68340AE89DCEE8D49098486BAE0E281AA034558971224E4940000AFFCBB5F965F5D7E5854A4FFE328C4821B21FE9656184688E1C3984C26D668D3FFE2986534F4230B097E5F30E19A8A4145F0C8C6B0FCD9D1BC9BB19994BFA5C3555DA96A5FDF26A5A970FFFA4DC15EA5EDEA5ED670E2B1ED49BE729552AAB1A346FD701194B3DA8095876A015B730137D40001408F8B63219AFCB2B94326B0D96191ACB7FF56B67FD96FFF65B3FECB67F2C061E7D5A019156E2CDEFFE328C4981A03EA731E18469890A91741A1668B0B08DDA85AA1615395B3D5A85D958A8B62CD7542C2B8A8A758B62C2EC4990105432E8A0B554C414D45332E39392E355555555555555555555555555555555555555555555555555555555555555555555555555555555555555555555555555555555555555555555555555555555555555555555555555555555555FFE328C4B316C94602563046005555555555555555555555555555555555555555555555555555555555555555555555555555555555555555555555555555555555555555555555555555555555555555555555555555555555555555555555555555555555555555555555555555555555555555555555555555555555555555555555555555555555555555555555)
INSERT [dbo].[NotificationLog] ([NotificationLogId], [CustomerId], [UserId], [TalkGroupId], [RadioId], [NotificationMsg], [NotificationDate], [MP3File]) VALUES (16, 1, 14, 810, 0, N'<b>Channel Name:</b>  (Anoka County) North Main Dispatch <br/> <br/> <b>Agency Name:</b> Anoka PD (123805) <br/> Transmission IDs: 408710:2136  <br/> <b>Agency Name:</b>  (Anoka County) North Main Dispatch <br/> Transmission IDs: 408710:2142    ', CAST(0x0000A6640144AFD5 AS DateTime), 0xFFE328C40016EA6E2A574310000195AB6830BC000010B7777DDF3D10AA217D73DDF885FBBFC442A89D3FE909FC8DE46908D539DE73F4D484FD4846A9CEF3BFF39FFFFFFE7F39CE8062C7381F2EF973E0F9FCA1CFFF3986048709D6087D60F9F07E5C1F2E1FE18970FA0034D46205AAAC04CC782A7C2DDDD166552D350C7ED673B77BFFE635F7D3777FCB17E2FA58BEB9FFE328C427232BC272118A4000A45E2D27497EDB86668EA778FB9BDAF48FBEFF5BE26222345630F817844814194A2380A02A0A588EE408F4F36382C0DA0380FA460761E83554C2875034220F2DC74DD092AA7EF9B917879EF4A18B7DD962849826AD4C49440ED04C204078A210A1C1D154A7DDA68A24A2AAA688B9B3EE38E27B699FE2F077F378B351F3FD6FEFFEFB17FFE328C41D23BB5ABD918F58007D4725CB91B9BD8EB3F7B412913A218FC4D2F1401C1D0F03B2B9B65007102B315AA94DC56651D7B2BFFFA96EDAE5BAD5F3D7FFF27C98B3FF6B5889360A8B888C556BE38889EFA4CDCFE99F3936C630DEDAE8A9DCAB6DB5649FEF671FD4FD7A66EF346BEBFF394499774E936477B118CBA490857763A1BF087300003A9C9EAB5D495D65FFE328C4112141D6DEFFCF4000F3969B8B721E00B41D2126130518039108003440C7EB124554A550EBEEF2CB0B109F42C63FF9FFEBC0782E35C6AA4555DDB9E2E7F34E7DC4763F58AAA241789CA0E03C0F12399833FD08444D082050CE4C403446B07C3FB0B85801FFE7F1381DBFA8221E0F8442CED6F35B4E6DA2202EA8C1CDEB80009600138585799FFA0AA5D8EFFFFFE328C40F1EBB2ED5845245644911A6FFF42505F0941980487A75158D348898E9A4E2E2330552DF9C69A6AB9854A171F2E8FFD9514DFFF69E41EB15509A4AC63924924135858130A084B09852BB173D140206264084F9223AB74BECF610DD4CC7636655EBA025393EF67066C686CE51587EDF71FDB342C3137A6BA691667A8138000AA8977D66DFD3DBADBE604EB1C2FFE328C4171BFA66E31F4C10003EF7B7FCFF960E2B8921D0FCF57BE0FA4EF4CCEE1D19475C18514BF3150080958CBFA290A818505442AAEEC62FD7EA8A43B5FFE771265A3E52A1DA60A088F98C60C04E6DD6834FD4DACB0779ACF034FF8884C1DFF95F0E951A04B72482C128B24120167BFEB3DD3D3195595A28E4817CBE7C1CE70C02B3F0D5E1F72A062312714A05D0FFE328C42A274BC2DE598D98021E8810B3405B8387FC8B97DC8BA52FA42F830206340F88AE4589D132FFCF199F620E667C66C8614DD63A083AA3E04EC4D0E576FF17393C5417393E80B8C9B3E201948821D366AC9F4AA261E9B7FF8B8C9E2084F99B9135206F6A72C22A5292EFFFFFF56CCABA085F5CDD45FD24B59B366EF983D5359977D1D800370005FFFFFFFF822EFFE328C40F1D43DACEFFCF680011BD33BDD2F01728601F14589AF121C9962EAA4BA56F6C5B1ADEB4FC990485435A61AABC5904945AA07D5ABAC4D09674AEDA0E4C18413A45EB7AEEA63657FAD43D54EDFE5D67FFADD1FFDD16FF53974D52FF44C9FFF53FFFFFF6FFE8FFF47FE8266405EB1C05975DAA2CD8100006749FEF50F3AB4AC38B244D450061EA08A9E272E712FFE328C41D1D2962E25666523248D655B955D725321113383D991683DB8D4028A0E3E20A0BF8401A3329627A0D00AED945AA44632EA6A5E43FFE1BF7360C89E1D71598C28CA32415ED4E138762E548CC993340F453CCBEF7CCFFFFFFFFFFFFF43E67EFFF4291822002C000BA10610D3E6C5C5AD4AA9C99355A3A26ADD4648D77A492470D9D25A9335ACC5BD464BFB301FFE328C42B1D0A8EBA2D51180037FC023F5FF9F42B652D0C3F2BB4CD28D395F9A3E47498E3942E58C8F4F78BAC950A13A682269AB9C1219430C200A0413C554D4B7A80928F9F362748755A9D50D4DE2C00161605864D55116BBDFD95003C19FC139DC3EADD79C5EE8C0D0F0C821AFB02CCB24392C0037CA73FE5C040208102CCAB1F4B86DD7DB6E772C3B3EE2D14D7DEFFE328C4392B53C2B591886000864F9F3D12E9B4331D290AE32EA437335EBF1F70C1EB6D175B6B8C9CA96FECCD52D7DECB091ABC0E133B1C77A9C74FBB009E4CE661329B4F43FDD69DDACCCFE751CE9A75921813D7E7B396AC0F2D93A3B7D42FDF58EB4DF7CE7D2FDDD87EFC366165263E7F599EB538A2B986B27F691DAFD36FD7559A448D9E1E900C00014B73C45BE1FFE328C40E1AC0E2BE7FCF1000E4B9C6EBA7057CF6F48D32AEDBF6EF5FEADE495B9926C5692C9AB5B347F020FC7D87100F4789CDAC3249AB28460322080BBC684C854A39008943410FEC138F28E609C60604EFF9354E4CEB2EF90FCB812099F3E18C9A84EB7A2FD2B2298CB4D132C201800198C08AEB3B6B753771A5DF3B759EBDAE0A6866B0862110416859FA2211BBFFE328C4261C71F2B65C60CC788BDDDCD09DCCC9C72D3FEBC2C9FCD3C8D0C9CD0BE9864A68279692883EA6698486DCC5CDD98358704C7858C9E1C798303A60E92225AFC1A7A7407777A40D09846741528D4A0681436614CFA1888898A9BB91FFE2674F3FDCDDFEAD4B84F6F2944E94DDAFBE10B8BD0964048151F244EAE4294858C2444FB83469A4A446AC4C5405B36BFFE328C4371A6A0F3F184E04E620E2165CB40C9E5AEBC06C1E0B6F5EF7A646D6DF381195A002A2B3AA2AD9D87FFFFFE80D39E8A3C1C49A1DFA3FFC597FD260D2CDC734FEE0C0A529CA4FF51BA0BB6D3008DB2B5AB5AA8E624B2346BED3E512FB02D5F10A0C076ADA3E8D20F4A180E636CA502646004882A52020E4A06F08A9509F702FC9476A67CA73871198A9041692FFE328C4501C914ECE50699E2C742684A8CF2509B36EF40387903846702E1C1E451FEDFF7A1EB787C6855D10911ACA6A7659FE51A05400027169DE8EE85DC6E1A6B592818F75F2F2492597A772B75B16696681BA3A029EB0C2A30230A1995BFF26E27E46465A419DE58596470439A657E52773CC2516D11CC850DF91E5D280C6B01C7716D3545962AC4C64E3D287B442FFE328C4601BBA42B65639861495695762B73B9411284C2C2C050DDD478A9A9664449A80011D44736E3F50B569344A88E42A01AB8CA3283CCB01A10C4245AF85F6B04864F0C8DBC854B1F77421FBB2AA5DD24FD14DC9993103415B2B7DB35367F3FCB9D5FCF79F370F3F87774926231AC02B18487648492681E4A69116454E5FAAAB482458CB90350C6BB9AFCCE5D8F6FFE328C4741D0976BF1666064C2A0546FCB26A34001CB5FA533586B0D4C4810318CB5B2AFB3EC9FE59B7AEC785668C6A674C99A354814B0C38080890402AA26367231AA91AA17FE14B0CCD950AA17049A25054B4152254E874AA835CF0F0548D5963CCC44583AA3CE3A1D68340AE89DCEE8D49098486BAE0E281AA034558971224E4940000AFFCBB5F965F5D7E5854A4FFE328C4821B21FE9656184688E1C3984C26D668D3FFE2986534F4230B097E5F30E19A8A4145F0C8C6B0FCD9D1BC9BB19994BFA5C3555DA96A5FDF26A5A970FFFA4DC15EA5EDEA5ED670E2B1ED49BE729552AAB1A346FD701194B3DA8095876A015B730137D40001408F8B63219AFCB2B94326B0D96191ACB7FF56B67FD96FFF65B3FECB67F2C061E7D5A019156E2CDEFFE328C4981A03EA731E18469890A91741A1668B0B08DDA85AA1615395B3D5A85D958A8B62CD7542C2B8A8A758B62C2EC4990105432E8A0B554C414D45332E39392E355555555555555555555555555555555555555555555555555555555555555555555555555555555555555555555555555555555555555555555555555555555555555555555555555555555555FFE328C4B316C94602563046005555555555555555555555555555555555555555555555555555555555555555555555555555555555555555555555555555555555555555555555555555555555555555555555555555555555555555555555555555555555555555555555555555555555555555555555555555555555555555555555555555555555555555555555)
INSERT [dbo].[NotificationLog] ([NotificationLogId], [CustomerId], [UserId], [TalkGroupId], [RadioId], [NotificationMsg], [NotificationDate], [MP3File]) VALUES (17, 1, 11, 810, 0, N'<b>Channel Name:</b>  (Anoka County) North Main Dispatch <br/><br/> <b>Agency Name:</b> Coon Rapids PD (123395) <br/> Transmission IDs: 408710:2475  <br/><br/> <b>Agency Name:</b>  (Anoka County) North Main Dispatch <br/> Transmission IDs: 408710:2485    ', CAST(0x0000A664014534A7 AS DateTime), 0xFFE328C4001498024F1F41100001656C977758E25C00010970FADE38107020E9F2E7DE5C080FC4070487135821CA3B82113CB9F502034102EF60903107E7F973FFC4873820E2E1F119FE7D0B0FD3100D041D107FFD60872873E273FAC1F783EA0012A1746659EC123307707E375C8FDEB5EAF777D77B51439BFBFF9F7473BFB9BFBE6B89AAFA9BB7D67E2933E7CE4DA0FFE328C4302723C27A118D580091F615D54ABC71FB7A93F6CA3FBDE7DB72E2B78EE30720D1DA7973FF76C641E8FAA7B1754FE4B71E1D86E644034D4B12A6B0773C8A8924A2FDFF57CCD31AB8681A1E1F0ACB8B0EA4A8DEC1DED42533E7CA07E26982E20075E528CAA7AE9B24DA2520773545138A1B18B155A16A1F7D7372D8DCC0003FF9E59DD26E4769A9FB74A5FB57FFE328C4161B7BF6825FC21000EBFAA6D5FBB23E50AAF144852823020E49210C52A1833CA733CA498BBBB9A4646B359EE2148D7BA5345676B2A15F99BCAA8AB5355D9CAC563233FABAFB22664FDD3A5514C94BB926DB0A2C13BBBBAB50C81C2E3018727FD311A5781CC001BFDE2FEB2E5F20C97ACB3F04FF92965A738B36BF23543FF12E5C7583282AC4D8223C5076C4FFE328C42B19F3C2662C50461DBEC4538D35D7244773B77A5AEEE72673B6FA932CCFA94B85FCCB9E72CB4631AB897429A5815C9E9BC0E6D20E44A97A49108B36339B8BE233EECA1F1E411A3D6B49D55400019FD99FFAFD9DAB6BB6544E9A3EBF5FFA3534FFCF4924DB2918CD7755588518A4E633A15FE5BA2659E745691D5E7646EC9F429F577B6846B4E53D28D6622EFFE328C44619540A7657451000AF2B21D591EF7EDEEE9F7AAEEC6291D280C40B3D8B9914E67673060D0BBF521500591B91900121A6AA0BFD04A3819CDBCF1D79E9849461D3AA6C7C1F7D2146957B347E9B8DF3507CCCD5FDD99CA51AD9BF310C30CCD5FBDEF9762CD2141CDB0BDB8D2D8C509E4B7AD1F67BFA1F969DB71E0911AA424AF43682368F4C52DCC50D53709AFFE328C4632F03BE5E518B600096852E8EB1954887056465432A331D71EA1F14972E48FB8ADC226524F6E91D7CC5B2F38D1C181E890817271B5C7F79717CF31B2EAF56D8EDB6CA40FC71E9D8BCCECDFA4B6AD89019C61B835508288373B36CA29CC6E1339718AD8D34DA2D9EB35791C4392A23D017ECB8E0BF8FBD7FFB8436BBDF92CAFC6B6FF59D907393289631CF7BFFE328C42A25BB52F2598F4003138D8963203832FDF4478B9080481CA98E7917E1FDE9C353D7F3BA3D2D0F5DE53B321ACB2EFEC8A247991E2F6E9082B139A3EABF9EB312B492C83470801E02811584E3BFFFFBAFFFDF3F4EEE7B120781E404E01C23010080160A87E01C833103ABEAAC7DA484673F600E116E5056CB64B6C8885321D3EB168F584F6B5F8F57F19FA1E0FFE328C4161C02F2FE59CF40029B2E2F7F835CD7DB79CFAE2F66A5218C72A855B6B5ADED6FFEDA1050C0060F585AD6A356B55E95609555555AF86BD7FEBFFF9AFD6BFFEAAFDBE395AFFFFFE2FD6B8FD6999AF98B83B5AD7F95FF881E870A884EC4AEE91A47FAA8918886B66C1400065BA0DFBA0B48C09E541CD131049839C5F41CD8E1FF675226C6E511EC5E49F38A7FFFE328C4291D219ABE574D1800A668000620750146D8E1935957B008380A94FF74344D1C8EF2382070582444C80C2254A89058160E3C2C0B02A232E74C8102C2C2CD4A0F9120EFE541225FE120ABBF51521F82002040E4D1AA04A91B8549249300FB4F96F596FD322099807261442F17C30E0B0E91893E81488181B5205819E06DE2268782EF22A6C9A02B7055C5624DFFE328C4372B2BA6C651929801986C1105FA70710D91A66049A21A49A3565936D6A6D54FA49969D75131A88C47CBEB74CCCDD96D999F7EA27C9154C8A61F27CA0BD2482212BB2D7FED1031752A999CCCEA47502E05BC14117290AF1F4C80AC9D22A556AD965C41DEE87F342E1898126667CC1AFAD4DA66C3EC839123A5D5B1E449D0D562DA189B6203A0000485ABFFFFFFE328C40D1B4242BA5FC83800E0AB1520391C1D036166BFF5D549150E4170F15155AFFFE19858581C91F6FF1D1A8D4E7FFF4386C3C6B1BFD734748A3A6A7BD3F4392DF5B2187121E24361B120D5EBEBFF627F8D054F01906C4228F4160554DBD57153CD48A016220688804E90994D83DB5601800015ECF24D1F1130F312A1F2218A8AEF1BA7C6AF1E021897391D3FC6FFE328C4231C7BBEC65E7886BDB7F163820027EA7D4E53B91A4248D0821B5232CE7CED49CE790F591BC9BD19746BFFFD2FB7FFFFFFFF4BFCAE7FC27847111DDFFDFF44C38B85EF10A220B784E681C5938200115CF84EE2CC1FD7C7487A695DBB6009C011353AD6B5ADFD51E0385977D7CE7E45692654C5C6FEB3BDC77C8031A5A6BAB3DD0A06C6295BD243C519FE9545FFE328C4341C639ED25C5BC4682FFAA195B7F673176FFFFFFFFFFFFFFD8E8A47D4AA4616804140072CC6860C7712183887A2B09068CE04148F860C3A99070102064C3207612D0366451C9A15544C99A7520600FF5CBAE39583916C9B47AACAD9ACD9A271918C5F599CD5A865909876FECB7FFFCE691223BD66E6C9239E4146D565EE76EFE9239273DD015099DE584A34FFE328C4451B315EAE7C0B0C1434E9BF931A127993A482BF59611153B70943A77920A9D3BD405EB0103A47910D9D7F06C24FEB012609476D925554000595BFA2F3643257A25A5D92F72F77555ECD5E5BE97958CE5573B9E59135644459D51E97A2B68E65BA1D8C752A23FB4CCA6A334865BACD5554ED5BA847124479E45B6C772F212CDB332FD72FF27B2E4FABDBFF88FFE328C45B1A13EE8257421000531412D4CB6180C011779DABFAAA06776833D4B0A626CDC983E648E82489C9BCFA564168BBA9B33D4AF674ECCFFFD2662FCC8E1C476981EAAFCA477EAB316F59099F81BE44BC88C38D2D5EF329C4A89D620B59E824EA98B543E60763C5CB2B3098B703A1284648F91FDE229452964A4D1B92F941C89490963E1E876E017124A6BF10C8FFE328C47530F3C24C0191600065E1E8A684583011511110C745A1D9F10C297CAEC9C864A484531C839290EE5607C7C75978C3CB4577D71A9A5CB74CF45022E70EF5438F25359BC2D2EAC0751AD649686D38524CB4C4DD52988EACAA044697E854588A500020AB8158881A06A25054E86A58441D9EA15507625C15054EFF11032EF582BF1102A0AFFCB0340C82AE82BCFFE328C4341470025F1FC01000AB84A0A82A0AF2C7AB054153DF950543B2C0D0320AF2C0D7FFF128340D3E4C414D45332E39392E35AAAAAAAAAAAAAAAAAAAAAAAAAAAAAAAAAAAAAAAAAAAAAAAAAAAAAAAAAAAAAAAAAAAAAAAAAAAAAAAAAAAAAAAAAAAAAAAAAAAAAAAAAAAAAAAAAAAAAAAAAAAAAAAAAAAAAAAAAAAAAAAAAAAAAAAAAAAAAAAAAAAAAAAAAAAAAAAAAAAAAA)
INSERT [dbo].[NotificationLog] ([NotificationLogId], [CustomerId], [UserId], [TalkGroupId], [RadioId], [NotificationMsg], [NotificationDate], [MP3File]) VALUES (18, 1, 14, 810, 0, N'<b>Channel Name:</b>  (Anoka County) North Main Dispatch <br/><br/> <b>Agency Name:</b> Coon Rapids PD (123395) <br/> Transmission IDs: 408710:2475  <br/><br/> <b>Agency Name:</b>  (Anoka County) North Main Dispatch <br/> Transmission IDs: 408710:2485    ', CAST(0x0000A664014534CC AS DateTime), 0xFFE328C4001498024F1F41100001656C977758E25C00010970FADE38107020E9F2E7DE5C080FC4070487135821CA3B82113CB9F502034102EF60903107E7F973FFC4873820E2E1F119FE7D0B0FD3100D041D107FFD60872873E273FAC1F783EA0012A1746659EC123307707E375C8FDEB5EAF777D77B51439BFBFF9F7473BFB9BFBE6B89AAFA9BB7D67E2933E7CE4DA0FFE328C4302723C27A118D580091F615D54ABC71FB7A93F6CA3FBDE7DB72E2B78EE30720D1DA7973FF76C641E8FAA7B1754FE4B71E1D86E644034D4B12A6B0773C8A8924A2FDFF57CCD31AB8681A1E1F0ACB8B0EA4A8DEC1DED42533E7CA07E26982E20075E528CAA7AE9B24DA2520773545138A1B18B155A16A1F7D7372D8DCC0003FF9E59DD26E4769A9FB74A5FB57FFE328C4161B7BF6825FC21000EBFAA6D5FBB23E50AAF144852823020E49210C52A1833CA733CA498BBBB9A4646B359EE2148D7BA5345676B2A15F99BCAA8AB5355D9CAC563233FABAFB22664FDD3A5514C94BB926DB0A2C13BBBBAB50C81C2E3018727FD311A5781CC001BFDE2FEB2E5F20C97ACB3F04FF92965A738B36BF23543FF12E5C7583282AC4D8223C5076C4FFE328C42B19F3C2662C50461DBEC4538D35D7244773B77A5AEEE72673B6FA932CCFA94B85FCCB9E72CB4631AB897429A5815C9E9BC0E6D20E44A97A49108B36339B8BE233EECA1F1E411A3D6B49D55400019FD99FFAFD9DAB6BB6544E9A3EBF5FFA3534FFCF4924DB2918CD7755588518A4E633A15FE5BA2659E745691D5E7646EC9F429F577B6846B4E53D28D6622EFFE328C44619540A7657451000AF2B21D591EF7EDEEE9F7AAEEC6291D280C40B3D8B9914E67673060D0BBF521500591B91900121A6AA0BFD04A3819CDBCF1D79E9849461D3AA6C7C1F7D2146957B347E9B8DF3507CCCD5FDD99CA51AD9BF310C30CCD5FBDEF9762CD2141CDB0BDB8D2D8C509E4B7AD1F67BFA1F969DB71E0911AA424AF43682368F4C52DCC50D53709AFFE328C4632F03BE5E518B600096852E8EB1954887056465432A331D71EA1F14972E48FB8ADC226524F6E91D7CC5B2F38D1C181E890817271B5C7F79717CF31B2EAF56D8EDB6CA40FC71E9D8BCCECDFA4B6AD89019C61B835508288373B36CA29CC6E1339718AD8D34DA2D9EB35791C4392A23D017ECB8E0BF8FBD7FFB8436BBDF92CAFC6B6FF59D907393289631CF7BFFE328C42A25BB52F2598F4003138D8963203832FDF4478B9080481CA98E7917E1FDE9C353D7F3BA3D2D0F5DE53B321ACB2EFEC8A247991E2F6E9082B139A3EABF9EB312B492C83470801E02811584E3BFFFFBAFFFDF3F4EEE7B120781E404E01C23010080160A87E01C833103ABEAAC7DA484673F600E116E5056CB64B6C8885321D3EB168F584F6B5F8F57F19FA1E0FFE328C4161C02F2FE59CF40029B2E2F7F835CD7DB79CFAE2F66A5218C72A855B6B5ADED6FFEDA1050C0060F585AD6A356B55E95609555555AF86BD7FEBFFF9AFD6BFFEAAFDBE395AFFFFFE2FD6B8FD6999AF98B83B5AD7F95FF881E870A884EC4AEE91A47FAA8918886B66C1400065BA0DFBA0B48C09E541CD131049839C5F41CD8E1FF675226C6E511EC5E49F38A7FFFE328C4291D219ABE574D1800A668000620750146D8E1935957B008380A94FF74344D1C8EF2382070582444C80C2254A89058160E3C2C0B02A232E74C8102C2C2CD4A0F9120EFE541225FE120ABBF51521F82002040E4D1AA04A91B8549249300FB4F96F596FD322099807261442F17C30E0B0E91893E81488181B5205819E06DE2268782EF22A6C9A02B7055C5624DFFE328C4372B2BA6C651929801986C1105FA70710D91A66049A21A49A3565936D6A6D54FA49969D75131A88C47CBEB74CCCDD96D999F7EA27C9154C8A61F27CA0BD2482212BB2D7FED1031752A999CCCEA47502E05BC14117290AF1F4C80AC9D22A556AD965C41DEE87F342E1898126667CC1AFAD4DA66C3EC839123A5D5B1E449D0D562DA189B6203A0000485ABFFFFFFE328C40D1B4242BA5FC83800E0AB1520391C1D036166BFF5D549150E4170F15155AFFFE19858581C91F6FF1D1A8D4E7FFF4386C3C6B1BFD734748A3A6A7BD3F4392DF5B2187121E24361B120D5EBEBFF627F8D054F01906C4228F4160554DBD57153CD48A016220688804E90994D83DB5601800015ECF24D1F1130F312A1F2218A8AEF1BA7C6AF1E021897391D3FC6FFE328C4231C7BBEC65E7886BDB7F163820027EA7D4E53B91A4248D0821B5232CE7CED49CE790F591BC9BD19746BFFFD2FB7FFFFFFFF4BFCAE7FC27847111DDFFDFF44C38B85EF10A220B784E681C5938200115CF84EE2CC1FD7C7487A695DBB6009C011353AD6B5ADFD51E0385977D7CE7E45692654C5C6FEB3BDC77C8031A5A6BAB3DD0A06C6295BD243C519FE9545FFE328C4341C639ED25C5BC4682FFAA195B7F673176FFFFFFFFFFFFFFD8E8A47D4AA4616804140072CC6860C7712183887A2B09068CE04148F860C3A99070102064C3207612D0366451C9A15544C99A7520600FF5CBAE39583916C9B47AACAD9ACD9A271918C5F599CD5A865909876FECB7FFFCE691223BD66E6C9239E4146D565EE76EFE9239273DD015099DE584A34FFE328C4451B315EAE7C0B0C1434E9BF931A127993A482BF59611153B70943A77920A9D3BD405EB0103A47910D9D7F06C24FEB012609476D925554000595BFA2F3643257A25A5D92F72F77555ECD5E5BE97958CE5573B9E59135644459D51E97A2B68E65BA1D8C752A23FB4CCA6A334865BACD5554ED5BA847124479E45B6C772F212CDB332FD72FF27B2E4FABDBFF88FFE328C45B1A13EE8257421000531412D4CB6180C011779DABFAAA06776833D4B0A626CDC983E648E82489C9BCFA564168BBA9B33D4AF674ECCFFFD2662FCC8E1C476981EAAFCA477EAB316F59099F81BE44BC88C38D2D5EF329C4A89D620B59E824EA98B543E60763C5CB2B3098B703A1284648F91FDE229452964A4D1B92F941C89490963E1E876E017124A6BF10C8FFE328C47530F3C24C0191600065E1E8A684583011511110C745A1D9F10C297CAEC9C864A484531C839290EE5607C7C75978C3CB4577D71A9A5CB74CF45022E70EF5438F25359BC2D2EAC0751AD649686D38524CB4C4DD52988EACAA044697E854588A500020AB8158881A06A25054E86A58441D9EA15507625C15054EFF11032EF582BF1102A0AFFCB0340C82AE82BCFFE328C4341470025F1FC01000AB84A0A82A0AF2C7AB054153DF950543B2C0D0320AF2C0D7FFF128340D3E4C414D45332E39392E35AAAAAAAAAAAAAAAAAAAAAAAAAAAAAAAAAAAAAAAAAAAAAAAAAAAAAAAAAAAAAAAAAAAAAAAAAAAAAAAAAAAAAAAAAAAAAAAAAAAAAAAAAAAAAAAAAAAAAAAAAAAAAAAAAAAAAAAAAAAAAAAAAAAAAAAAAAAAAAAAAAAAAAAAAAAAAAAAAAAAAA)
SET IDENTITY_INSERT [dbo].[NotificationLog] OFF
SET IDENTITY_INSERT [dbo].[Permission] ON 

INSERT [dbo].[Permission] ([PermissionId], [Permission]) VALUES (1, N'Scan / listen only ')
INSERT [dbo].[Permission] ([PermissionId], [Permission]) VALUES (2, N'Review recorded transmissions
')
SET IDENTITY_INSERT [dbo].[Permission] OFF
SET IDENTITY_INSERT [dbo].[PolledTalkGroupItem] ON 

INSERT [dbo].[PolledTalkGroupItem] ([ID], [TalkGroupItemId], [TransStartMSec], [TransLengthMSec], [RadioID], [TalkGroupID], [TransStartUTC], [TransTimeDesc], [RadioDesc], [ChannelName]) VALUES (1, N'408708:6553', 1471352012859, 18900, 125001, 810, CAST(0x0000A66400D47612 AS DateTime), N'18.9s', N' (Anoka County) North Main Dispatch', N' (Anoka County) North Main Dispatch')
INSERT [dbo].[PolledTalkGroupItem] ([ID], [TalkGroupItemId], [TransStartMSec], [TransLengthMSec], [RadioID], [TalkGroupID], [TransStartUTC], [TransTimeDesc], [RadioDesc], [ChannelName]) VALUES (2, N'408708:6557', 1471352033067, 900, 122817, 810, CAST(0x0000A66400D48DC0 AS DateTime), N'0.9s', N'Coon Rapids PD (122817)', N' (Anoka County) North Main Dispatch')
INSERT [dbo].[PolledTalkGroupItem] ([ID], [TalkGroupItemId], [TransStartMSec], [TransLengthMSec], [RadioID], [TalkGroupID], [TransStartUTC], [TransTimeDesc], [RadioDesc], [ChannelName]) VALUES (3, N'408708:6562', 1471352034593, 900, 125001, 810, CAST(0x0000A66400D48F8A AS DateTime), N'0.9s', N' (Anoka County) North Main Dispatch', N' (Anoka County) North Main Dispatch')
INSERT [dbo].[PolledTalkGroupItem] ([ID], [TalkGroupItemId], [TransStartMSec], [TransLengthMSec], [RadioID], [TalkGroupID], [TransStartUTC], [TransTimeDesc], [RadioDesc], [ChannelName]) VALUES (4, N'408708:6588', 1471352044391, 1800, 125001, 810, CAST(0x0000A66400D49B05 AS DateTime), N'1.8s', N' (Anoka County) North Main Dispatch', N' (Anoka County) North Main Dispatch')
INSERT [dbo].[PolledTalkGroupItem] ([ID], [TalkGroupItemId], [TransStartMSec], [TransLengthMSec], [RadioID], [TalkGroupID], [TransStartUTC], [TransTimeDesc], [RadioDesc], [ChannelName]) VALUES (5, N'408708:6578', 1471352040056, 1620, 123391, 810, CAST(0x0000A66400D495F1 AS DateTime), N'1.6s', N'Coon Rapids PD (123391)', N' (Anoka County) North Main Dispatch')
INSERT [dbo].[PolledTalkGroupItem] ([ID], [TalkGroupItemId], [TransStartMSec], [TransLengthMSec], [RadioID], [TalkGroupID], [TransStartUTC], [TransTimeDesc], [RadioDesc], [ChannelName]) VALUES (6, N'408708:7127', 1471352244712, 720, 123877, 810, CAST(0x0000A66400D585C6 AS DateTime), N'0.7s', N'Blaine PD (123877)', N' (Anoka County) North Main Dispatch')
INSERT [dbo].[PolledTalkGroupItem] ([ID], [TalkGroupItemId], [TransStartMSec], [TransLengthMSec], [RadioID], [TalkGroupID], [TransStartUTC], [TransTimeDesc], [RadioDesc], [ChannelName]) VALUES (7, N'408708:7139', 1471352248400, 2340, 122615, 810, CAST(0x0000A66400D58A18 AS DateTime), N'2.3s', N'Anoka PD (122615)', N' (Anoka County) North Main Dispatch')
INSERT [dbo].[PolledTalkGroupItem] ([ID], [TalkGroupItemId], [TransStartMSec], [TransLengthMSec], [RadioID], [TalkGroupID], [TransStartUTC], [TransTimeDesc], [RadioDesc], [ChannelName]) VALUES (8, N'408708:7139', 1471352248400, 2340, 122615, 810, CAST(0x0000A66400D58A18 AS DateTime), N'2.3s', N'Anoka PD (122615)', N' (Anoka County) North Main Dispatch')
INSERT [dbo].[PolledTalkGroupItem] ([ID], [TalkGroupItemId], [TransStartMSec], [TransLengthMSec], [RadioID], [TalkGroupID], [TransStartUTC], [TransTimeDesc], [RadioDesc], [ChannelName]) VALUES (9, N'408708:7150', 1471352251790, 1800, 125001, 810, CAST(0x0000A66400D58E11 AS DateTime), N'1.8s', N' (Anoka County) North Main Dispatch', N' (Anoka County) North Main Dispatch')
INSERT [dbo].[PolledTalkGroupItem] ([ID], [TalkGroupItemId], [TransStartMSec], [TransLengthMSec], [RadioID], [TalkGroupID], [TransStartUTC], [TransTimeDesc], [RadioDesc], [ChannelName]) VALUES (10, N'408708:7182', 1471352263228, 3060, 620353, 25359, CAST(0x0000A66400D59B78 AS DateTime), N'3.1s', N'Wright County SO (620353)', N' (Wright County) County Law 1')
INSERT [dbo].[PolledTalkGroupItem] ([ID], [TalkGroupItemId], [TransStartMSec], [TransLengthMSec], [RadioID], [TalkGroupID], [TransStartUTC], [TransTimeDesc], [RadioDesc], [ChannelName]) VALUES (11, N'408708:7174', 1471352263027, 360, 123391, 810, CAST(0x0000A66400D59B3C AS DateTime), N'0.4s', N'Coon Rapids PD (123391)', N' (Anoka County) North Main Dispatch')
INSERT [dbo].[PolledTalkGroupItem] ([ID], [TalkGroupItemId], [TransStartMSec], [TransLengthMSec], [RadioID], [TalkGroupID], [TransStartUTC], [TransTimeDesc], [RadioDesc], [ChannelName]) VALUES (12, N'408708:7189', 1471352267670, 540, 123391, 810, CAST(0x0000A66400D5A0AD AS DateTime), N'0.5s', N'Coon Rapids PD (123391)', N' (Anoka County) North Main Dispatch')
INSERT [dbo].[PolledTalkGroupItem] ([ID], [TalkGroupItemId], [TransStartMSec], [TransLengthMSec], [RadioID], [TalkGroupID], [TransStartUTC], [TransTimeDesc], [RadioDesc], [ChannelName]) VALUES (13, N'408708:7191', 1471352267767, 2340, 620001, 25359, CAST(0x0000A66400D5A0CA AS DateTime), N'2.3s', N' (Wright County) County Law 1', N' (Wright County) County Law 1')
INSERT [dbo].[PolledTalkGroupItem] ([ID], [TalkGroupItemId], [TransStartMSec], [TransLengthMSec], [RadioID], [TalkGroupID], [TransStartUTC], [TransTimeDesc], [RadioDesc], [ChannelName]) VALUES (14, N'408708:7533', 1471352387131, 1620, 123395, 810, CAST(0x0000A66400D62CAB AS DateTime), N'1.6s', N'Coon Rapids PD (123395)', N' (Anoka County) North Main Dispatch')
INSERT [dbo].[PolledTalkGroupItem] ([ID], [TalkGroupItemId], [TransStartMSec], [TransLengthMSec], [RadioID], [TalkGroupID], [TransStartUTC], [TransTimeDesc], [RadioDesc], [ChannelName]) VALUES (15, N'408708:7540', 1471352388955, 900, 0, 810, CAST(0x0000A66400D62ECF AS DateTime), N'0.9s', N' (Anoka County) North Main Dispatch (0)', N' (Anoka County) North Main Dispatch')
INSERT [dbo].[PolledTalkGroupItem] ([ID], [TalkGroupItemId], [TransStartMSec], [TransLengthMSec], [RadioID], [TalkGroupID], [TransStartUTC], [TransTimeDesc], [RadioDesc], [ChannelName]) VALUES (16, N'408708:7479', 1471352372658, 1440, 123528, 810, CAST(0x0000A66400D61BB5 AS DateTime), N'1.4s', N'Columbia Heights PD (123528)', N' (Anoka County) North Main Dispatch')
INSERT [dbo].[PolledTalkGroupItem] ([ID], [TalkGroupItemId], [TransStartMSec], [TransLengthMSec], [RadioID], [TalkGroupID], [TransStartUTC], [TransTimeDesc], [RadioDesc], [ChannelName]) VALUES (17, N'408709:137', 1471352441055, 3420, 123544, 810, CAST(0x0000A66400D66BDD AS DateTime), N'3.4s', N'Anoka PD (123544)', N' (Anoka County) North Main Dispatch')
INSERT [dbo].[PolledTalkGroupItem] ([ID], [TalkGroupItemId], [TransStartMSec], [TransLengthMSec], [RadioID], [TalkGroupID], [TransStartUTC], [TransTimeDesc], [RadioDesc], [ChannelName]) VALUES (18, N'408709:145', 1471352446430, 2160, 125001, 810, CAST(0x0000A66400D67229 AS DateTime), N'2.2s', N' (Anoka County) North Main Dispatch', N' (Anoka County) North Main Dispatch')
INSERT [dbo].[PolledTalkGroupItem] ([ID], [TalkGroupItemId], [TransStartMSec], [TransLengthMSec], [RadioID], [TalkGroupID], [TransStartUTC], [TransTimeDesc], [RadioDesc], [ChannelName]) VALUES (19, N'408709:186', 1471352464274, 3240, 125001, 810, CAST(0x0000A66400D68712 AS DateTime), N'3.2s', N' (Anoka County) North Main Dispatch', N' (Anoka County) North Main Dispatch')
INSERT [dbo].[PolledTalkGroupItem] ([ID], [TalkGroupItemId], [TransStartMSec], [TransLengthMSec], [RadioID], [TalkGroupID], [TransStartUTC], [TransTimeDesc], [RadioDesc], [ChannelName]) VALUES (20, N'408709:186', 1471352464274, 3240, 125001, 810, CAST(0x0000A66400D68712 AS DateTime), N'3.2s', N' (Anoka County) North Main Dispatch', N' (Anoka County) North Main Dispatch')
INSERT [dbo].[PolledTalkGroupItem] ([ID], [TalkGroupItemId], [TransStartMSec], [TransLengthMSec], [RadioID], [TalkGroupID], [TransStartUTC], [TransTimeDesc], [RadioDesc], [ChannelName]) VALUES (21, N'408709:209', 1471352473051, 3060, 123386, 810, CAST(0x0000A66400D6915B AS DateTime), N'3.1s', N'Coon Rapids PD (123386)', N' (Anoka County) North Main Dispatch')
INSERT [dbo].[PolledTalkGroupItem] ([ID], [TalkGroupItemId], [TransStartMSec], [TransLengthMSec], [RadioID], [TalkGroupID], [TransStartUTC], [TransTimeDesc], [RadioDesc], [ChannelName]) VALUES (22, N'408709:214', 1471352476489, 720, 125001, 810, CAST(0x0000A66400D69563 AS DateTime), N'0.7s', N' (Anoka County) North Main Dispatch', N' (Anoka County) North Main Dispatch')
INSERT [dbo].[PolledTalkGroupItem] ([ID], [TalkGroupItemId], [TransStartMSec], [TransLengthMSec], [RadioID], [TalkGroupID], [TransStartUTC], [TransTimeDesc], [RadioDesc], [ChannelName]) VALUES (23, N'408709:241', 1471352487512, 1620, 125001, 810, CAST(0x0000A66400D6A24E AS DateTime), N'1.6s', N' (Anoka County) North Main Dispatch', N' (Anoka County) North Main Dispatch')
INSERT [dbo].[PolledTalkGroupItem] ([ID], [TalkGroupItemId], [TransStartMSec], [TransLengthMSec], [RadioID], [TalkGroupID], [TransStartUTC], [TransTimeDesc], [RadioDesc], [ChannelName]) VALUES (24, N'408709:267', 1471352499097, 1260, 124583, 810, CAST(0x0000A66400D6AFE1 AS DateTime), N'1.3s', N'Blaine PD (124583)', N' (Anoka County) North Main Dispatch')
INSERT [dbo].[PolledTalkGroupItem] ([ID], [TalkGroupItemId], [TransStartMSec], [TransLengthMSec], [RadioID], [TalkGroupID], [TransStartUTC], [TransTimeDesc], [RadioDesc], [ChannelName]) VALUES (25, N'408709:337', 1471352501139, 18180, 125001, 810, CAST(0x0000A66400D6B246 AS DateTime), N'18.2s', N' (Anoka County) North Main Dispatch', N' (Anoka County) North Main Dispatch')
INSERT [dbo].[PolledTalkGroupItem] ([ID], [TalkGroupItemId], [TransStartMSec], [TransLengthMSec], [RadioID], [TalkGroupID], [TransStartUTC], [TransTimeDesc], [RadioDesc], [ChannelName]) VALUES (26, N'408709:354', 1471352522273, 900, 124583, 810, CAST(0x0000A66400D6CB0A AS DateTime), N'0.9s', N'Blaine PD (124583)', N' (Anoka County) North Main Dispatch')
INSERT [dbo].[PolledTalkGroupItem] ([ID], [TalkGroupItemId], [TransStartMSec], [TransLengthMSec], [RadioID], [TalkGroupID], [TransStartUTC], [TransTimeDesc], [RadioDesc], [ChannelName]) VALUES (27, N'408709:362', 1471352523702, 720, 125001, 810, CAST(0x0000A66400D6CCB7 AS DateTime), N'0.7s', N' (Anoka County) North Main Dispatch', N' (Anoka County) North Main Dispatch')
INSERT [dbo].[PolledTalkGroupItem] ([ID], [TalkGroupItemId], [TransStartMSec], [TransLengthMSec], [RadioID], [TalkGroupID], [TransStartUTC], [TransTimeDesc], [RadioDesc], [ChannelName]) VALUES (28, N'408709:770', 1471352667054, 2700, 620331, 25359, CAST(0x0000A66400D774B4 AS DateTime), N'2.7s', N' (Wright County) County Law 1 (620331)', N' (Wright County) County Law 1')
INSERT [dbo].[PolledTalkGroupItem] ([ID], [TalkGroupItemId], [TransStartMSec], [TransLengthMSec], [RadioID], [TalkGroupID], [TransStartUTC], [TransTimeDesc], [RadioDesc], [ChannelName]) VALUES (29, N'408709:787', 1471352672477, 1080, 620003, 25359, CAST(0x0000A66400D77B0F AS DateTime), N'1.1s', N' (Wright County) County Law 1', N' (Wright County) County Law 1')
INSERT [dbo].[PolledTalkGroupItem] ([ID], [TalkGroupItemId], [TransStartMSec], [TransLengthMSec], [RadioID], [TalkGroupID], [TransStartUTC], [TransTimeDesc], [RadioDesc], [ChannelName]) VALUES (30, N'408709:6128', 1471354484279, 2160, 123407, 810, CAST(0x0000A66400DFC644 AS DateTime), N'2.2s', N'Anoka County SO (123407)', N' (Anoka County) North Main Dispatch')
INSERT [dbo].[PolledTalkGroupItem] ([ID], [TalkGroupItemId], [TransStartMSec], [TransLengthMSec], [RadioID], [TalkGroupID], [TransStartUTC], [TransTimeDesc], [RadioDesc], [ChannelName]) VALUES (31, N'408709:6143', 1471354488697, 2160, 125007, 810, CAST(0x0000A66400DFCB71 AS DateTime), N'2.2s', N' (Anoka County) North Main Dispatch', N' (Anoka County) North Main Dispatch')
INSERT [dbo].[PolledTalkGroupItem] ([ID], [TalkGroupItemId], [TransStartMSec], [TransLengthMSec], [RadioID], [TalkGroupID], [TransStartUTC], [TransTimeDesc], [RadioDesc], [ChannelName]) VALUES (32, N'408709:6217', 1471354510694, 3420, 125007, 810, CAST(0x0000A66400DFE538 AS DateTime), N'3.4s', N' (Anoka County) North Main Dispatch', N' (Anoka County) North Main Dispatch')
INSERT [dbo].[PolledTalkGroupItem] ([ID], [TalkGroupItemId], [TransStartMSec], [TransLengthMSec], [RadioID], [TalkGroupID], [TransStartUTC], [TransTimeDesc], [RadioDesc], [ChannelName]) VALUES (33, N'408709:6224', 1471354515561, 1620, 123742, 810, CAST(0x0000A66400DFEAEC AS DateTime), N'1.6s', N'Coon Rapids PD (123742)', N' (Anoka County) North Main Dispatch')
INSERT [dbo].[PolledTalkGroupItem] ([ID], [TalkGroupItemId], [TransStartMSec], [TransLengthMSec], [RadioID], [TalkGroupID], [TransStartUTC], [TransTimeDesc], [RadioDesc], [ChannelName]) VALUES (34, N'408709:6236', 1471354517807, 1620, 125007, 810, CAST(0x0000A66400DFED8E AS DateTime), N'1.6s', N' (Anoka County) North Main Dispatch', N' (Anoka County) North Main Dispatch')
INSERT [dbo].[PolledTalkGroupItem] ([ID], [TalkGroupItemId], [TransStartMSec], [TransLengthMSec], [RadioID], [TalkGroupID], [TransStartUTC], [TransTimeDesc], [RadioDesc], [ChannelName]) VALUES (35, N'408709:7152', 1471354825282, 2700, 123691, 810, CAST(0x0000A66400E155E1 AS DateTime), N'2.7s', N'Anoka County SO (123691)', N' (Anoka County) North Main Dispatch')
INSERT [dbo].[PolledTalkGroupItem] ([ID], [TalkGroupItemId], [TransStartMSec], [TransLengthMSec], [RadioID], [TalkGroupID], [TransStartUTC], [TransTimeDesc], [RadioDesc], [ChannelName]) VALUES (36, N'408709:7560', 1471354974801, 1980, 154241, 2532, CAST(0x0000A66400E20518 AS DateTime), N'2.0s', N' (Twin Cities Metro Transit - Buses) Transit Police Dispatch - West', N' (Twin Cities Metro Transit - Buses) Transit Police Dispatch - West')
INSERT [dbo].[PolledTalkGroupItem] ([ID], [TalkGroupItemId], [TransStartMSec], [TransLengthMSec], [RadioID], [TalkGroupID], [TransStartUTC], [TransTimeDesc], [RadioDesc], [ChannelName]) VALUES (37, N'408709:7572', 1471354978236, 2340, 154152, 2532, CAST(0x0000A66400E2091F AS DateTime), N'2.3s', N'Transit PD (154152)', N' (Twin Cities Metro Transit - Buses) Transit Police Dispatch - West')
INSERT [dbo].[PolledTalkGroupItem] ([ID], [TalkGroupItemId], [TransStartMSec], [TransLengthMSec], [RadioID], [TalkGroupID], [TransStartUTC], [TransTimeDesc], [RadioDesc], [ChannelName]) VALUES (38, N'408709:7581', 1471354981630, 1440, 154241, 2532, CAST(0x0000A66400E20D19 AS DateTime), N'1.4s', N' (Twin Cities Metro Transit - Buses) Transit Police Dispatch - West', N' (Twin Cities Metro Transit - Buses) Transit Police Dispatch - West')
INSERT [dbo].[PolledTalkGroupItem] ([ID], [TalkGroupItemId], [TransStartMSec], [TransLengthMSec], [RadioID], [TalkGroupID], [TransStartUTC], [TransTimeDesc], [RadioDesc], [ChannelName]) VALUES (39, N'408709:7839', 1471355065228, 2520, 123197, 810, CAST(0x0000A66400E26F10 AS DateTime), N'2.5s', N' (Anoka County) North Main Dispatch (123197)', N' (Anoka County) North Main Dispatch')
INSERT [dbo].[PolledTalkGroupItem] ([ID], [TalkGroupItemId], [TransStartMSec], [TransLengthMSec], [RadioID], [TalkGroupID], [TransStartUTC], [TransTimeDesc], [RadioDesc], [ChannelName]) VALUES (40, N'408709:7863', 1471355071740, 4140, 123197, 810, CAST(0x0000A66400E276B2 AS DateTime), N'4.1s', N' (Anoka County) North Main Dispatch (123197)', N' (Anoka County) North Main Dispatch')
INSERT [dbo].[PolledTalkGroupItem] ([ID], [TalkGroupItemId], [TransStartMSec], [TransLengthMSec], [RadioID], [TalkGroupID], [TransStartUTC], [TransTimeDesc], [RadioDesc], [ChannelName]) VALUES (41, N'408709:7852', 1471355069164, 1260, 125001, 810, CAST(0x0000A66400E273AD AS DateTime), N'1.3s', N' (Anoka County) North Main Dispatch', N' (Anoka County) North Main Dispatch')
INSERT [dbo].[PolledTalkGroupItem] ([ID], [TalkGroupItemId], [TransStartMSec], [TransLengthMSec], [RadioID], [TalkGroupID], [TransStartUTC], [TransTimeDesc], [RadioDesc], [ChannelName]) VALUES (42, N'408709:7863', 1471355071740, 4140, 123197, 810, CAST(0x0000A66400E276B2 AS DateTime), N'4.1s', N' (Anoka County) North Main Dispatch (123197)', N' (Anoka County) North Main Dispatch')
INSERT [dbo].[PolledTalkGroupItem] ([ID], [TalkGroupItemId], [TransStartMSec], [TransLengthMSec], [RadioID], [TalkGroupID], [TransStartUTC], [TransTimeDesc], [RadioDesc], [ChannelName]) VALUES (43, N'408709:7939', 1471355099944, 3060, 125001, 810, CAST(0x0000A66400E297BF AS DateTime), N'3.1s', N' (Anoka County) North Main Dispatch', N' (Anoka County) North Main Dispatch')
INSERT [dbo].[PolledTalkGroupItem] ([ID], [TalkGroupItemId], [TransStartMSec], [TransLengthMSec], [RadioID], [TalkGroupID], [TransStartUTC], [TransTimeDesc], [RadioDesc], [ChannelName]) VALUES (44, N'408709:7957', 1471355105493, 1620, 124400, 810, CAST(0x0000A66400E29E40 AS DateTime), N'1.6s', N'Anoka County SO (124400)', N' (Anoka County) North Main Dispatch')
INSERT [dbo].[PolledTalkGroupItem] ([ID], [TalkGroupItemId], [TransStartMSec], [TransLengthMSec], [RadioID], [TalkGroupID], [TransStartUTC], [TransTimeDesc], [RadioDesc], [ChannelName]) VALUES (45, N'408709:8462', 1471355277171, 900, 0, 810, CAST(0x0000A66400E3676F AS DateTime), N'0.9s', N' (Anoka County) North Main Dispatch (0)', N' (Anoka County) North Main Dispatch')
INSERT [dbo].[PolledTalkGroupItem] ([ID], [TalkGroupItemId], [TransStartMSec], [TransLengthMSec], [RadioID], [TalkGroupID], [TransStartUTC], [TransTimeDesc], [RadioDesc], [ChannelName]) VALUES (46, N'408709:7957', 1471355105493, 1620, 124400, 810, CAST(0x0000A66400E29E40 AS DateTime), N'1.6s', N'Anoka County SO (124400)', N' (Anoka County) North Main Dispatch')
INSERT [dbo].[PolledTalkGroupItem] ([ID], [TalkGroupItemId], [TransStartMSec], [TransLengthMSec], [RadioID], [TalkGroupID], [TransStartUTC], [TransTimeDesc], [RadioDesc], [ChannelName]) VALUES (47, N'408709:7863', 1471355071740, 4140, 123197, 810, CAST(0x0000A66400E276B2 AS DateTime), N'4.1s', N' (Anoka County) North Main Dispatch (123197)', N' (Anoka County) North Main Dispatch')
INSERT [dbo].[PolledTalkGroupItem] ([ID], [TalkGroupItemId], [TransStartMSec], [TransLengthMSec], [RadioID], [TalkGroupID], [TransStartUTC], [TransTimeDesc], [RadioDesc], [ChannelName]) VALUES (48, N'408709:7863', 1471355071740, 4140, 123197, 810, CAST(0x0000A66400E276B2 AS DateTime), N'4.1s', N' (Anoka County) North Main Dispatch (123197)', N' (Anoka County) North Main Dispatch')
INSERT [dbo].[PolledTalkGroupItem] ([ID], [TalkGroupItemId], [TransStartMSec], [TransLengthMSec], [RadioID], [TalkGroupID], [TransStartUTC], [TransTimeDesc], [RadioDesc], [ChannelName]) VALUES (49, N'408709:7872', 1471355077850, 1980, 125001, 810, CAST(0x0000A66400E27DDB AS DateTime), N'2.0s', N' (Anoka County) North Main Dispatch', N' (Anoka County) North Main Dispatch')
INSERT [dbo].[PolledTalkGroupItem] ([ID], [TalkGroupItemId], [TransStartMSec], [TransLengthMSec], [RadioID], [TalkGroupID], [TransStartUTC], [TransTimeDesc], [RadioDesc], [ChannelName]) VALUES (50, N'408709:7872', 1471355077850, 1980, 125001, 810, CAST(0x0000A66400E27DDB AS DateTime), N'2.0s', N' (Anoka County) North Main Dispatch', N' (Anoka County) North Main Dispatch')
INSERT [dbo].[PolledTalkGroupItem] ([ID], [TalkGroupItemId], [TransStartMSec], [TransLengthMSec], [RadioID], [TalkGroupID], [TransStartUTC], [TransTimeDesc], [RadioDesc], [ChannelName]) VALUES (51, N'408709:8439', 1471355268542, 3780, 125001, 810, CAST(0x0000A66400E35D53 AS DateTime), N'3.8s', N' (Anoka County) North Main Dispatch', N' (Anoka County) North Main Dispatch')
INSERT [dbo].[PolledTalkGroupItem] ([ID], [TalkGroupItemId], [TransStartMSec], [TransLengthMSec], [RadioID], [TalkGroupID], [TransStartUTC], [TransTimeDesc], [RadioDesc], [ChannelName]) VALUES (52, N'408709:7990', 1471355115147, 3600, 125001, 810, CAST(0x0000A66400E2A990 AS DateTime), N'3.6s', N' (Anoka County) North Main Dispatch', N' (Anoka County) North Main Dispatch')
INSERT [dbo].[PolledTalkGroupItem] ([ID], [TalkGroupItemId], [TransStartMSec], [TransLengthMSec], [RadioID], [TalkGroupID], [TransStartUTC], [TransTimeDesc], [RadioDesc], [ChannelName]) VALUES (53, N'408709:7939', 1471355099944, 3060, 125001, 810, CAST(0x0000A66400E297BF AS DateTime), N'3.1s', N' (Anoka County) North Main Dispatch', N' (Anoka County) North Main Dispatch')
INSERT [dbo].[PolledTalkGroupItem] ([ID], [TalkGroupItemId], [TransStartMSec], [TransLengthMSec], [RadioID], [TalkGroupID], [TransStartUTC], [TransTimeDesc], [RadioDesc], [ChannelName]) VALUES (54, N'408709:7939', 1471355099944, 3060, 125001, 810, CAST(0x0000A66400E297BF AS DateTime), N'3.1s', N' (Anoka County) North Main Dispatch', N' (Anoka County) North Main Dispatch')
INSERT [dbo].[PolledTalkGroupItem] ([ID], [TalkGroupItemId], [TransStartMSec], [TransLengthMSec], [RadioID], [TalkGroupID], [TransStartUTC], [TransTimeDesc], [RadioDesc], [ChannelName]) VALUES (55, N'408709:8506', 1471355291533, 3600, 122639, 810, CAST(0x0000A66400E37844 AS DateTime), N'3.6s', N'Anoka PD (122639)', N' (Anoka County) North Main Dispatch')
INSERT [dbo].[PolledTalkGroupItem] ([ID], [TalkGroupItemId], [TransStartMSec], [TransLengthMSec], [RadioID], [TalkGroupID], [TransStartUTC], [TransTimeDesc], [RadioDesc], [ChannelName]) VALUES (56, N'408709:8200', 1471355194690, 2700, 123546, 810, CAST(0x0000A66400E306C7 AS DateTime), N'2.7s', N'Anoka PD (123546)', N' (Anoka County) North Main Dispatch')
INSERT [dbo].[PolledTalkGroupItem] ([ID], [TalkGroupItemId], [TransStartMSec], [TransLengthMSec], [RadioID], [TalkGroupID], [TransStartUTC], [TransTimeDesc], [RadioDesc], [ChannelName]) VALUES (57, N'408709:8506', 1471355291533, 3600, 122639, 810, CAST(0x0000A66400E37844 AS DateTime), N'3.6s', N'Anoka PD (122639)', N' (Anoka County) North Main Dispatch')
INSERT [dbo].[PolledTalkGroupItem] ([ID], [TalkGroupItemId], [TransStartMSec], [TransLengthMSec], [RadioID], [TalkGroupID], [TransStartUTC], [TransTimeDesc], [RadioDesc], [ChannelName]) VALUES (58, N'408709:7761', 1471355037778, 2340, 123395, 810, CAST(0x0000A66400E24EE5 AS DateTime), N'2.3s', N'Coon Rapids PD (123395)', N' (Anoka County) North Main Dispatch')
INSERT [dbo].[PolledTalkGroupItem] ([ID], [TalkGroupItemId], [TransStartMSec], [TransLengthMSec], [RadioID], [TalkGroupID], [TransStartUTC], [TransTimeDesc], [RadioDesc], [ChannelName]) VALUES (59, N'408709:8200', 1471355194690, 2700, 123546, 810, CAST(0x0000A66400E306C7 AS DateTime), N'2.7s', N'Anoka PD (123546)', N' (Anoka County) North Main Dispatch')
INSERT [dbo].[PolledTalkGroupItem] ([ID], [TalkGroupItemId], [TransStartMSec], [TransLengthMSec], [RadioID], [TalkGroupID], [TransStartUTC], [TransTimeDesc], [RadioDesc], [ChannelName]) VALUES (60, N'408709:8455', 1471355274779, 2160, 124567, 810, CAST(0x0000A66400E364A2 AS DateTime), N'2.2s', N' (Anoka County) North Main Dispatch (124567)', N' (Anoka County) North Main Dispatch')
INSERT [dbo].[PolledTalkGroupItem] ([ID], [TalkGroupItemId], [TransStartMSec], [TransLengthMSec], [RadioID], [TalkGroupID], [TransStartUTC], [TransTimeDesc], [RadioDesc], [ChannelName]) VALUES (61, N'408709:8439', 1471355268542, 3780, 125001, 810, CAST(0x0000A66400E35D53 AS DateTime), N'3.8s', N' (Anoka County) North Main Dispatch', N' (Anoka County) North Main Dispatch')
INSERT [dbo].[PolledTalkGroupItem] ([ID], [TalkGroupItemId], [TransStartMSec], [TransLengthMSec], [RadioID], [TalkGroupID], [TransStartUTC], [TransTimeDesc], [RadioDesc], [ChannelName]) VALUES (62, N'408709:8455', 1471355274779, 2160, 124567, 810, CAST(0x0000A66400E364A2 AS DateTime), N'2.2s', N' (Anoka County) North Main Dispatch (124567)', N' (Anoka County) North Main Dispatch')
INSERT [dbo].[PolledTalkGroupItem] ([ID], [TalkGroupItemId], [TransStartMSec], [TransLengthMSec], [RadioID], [TalkGroupID], [TransStartUTC], [TransTimeDesc], [RadioDesc], [ChannelName]) VALUES (63, N'408709:7773', 1471355042806, 900, 125001, 810, CAST(0x0000A66400E254CA AS DateTime), N'0.9s', N' (Anoka County) North Main Dispatch', N' (Anoka County) North Main Dispatch')
INSERT [dbo].[PolledTalkGroupItem] ([ID], [TalkGroupItemId], [TransStartMSec], [TransLengthMSec], [RadioID], [TalkGroupID], [TransStartUTC], [TransTimeDesc], [RadioDesc], [ChannelName]) VALUES (64, N'408709:8212', 1471355199259, 1620, 125001, 810, CAST(0x0000A66400E30C22 AS DateTime), N'1.6s', N' (Anoka County) North Main Dispatch', N' (Anoka County) North Main Dispatch')
INSERT [dbo].[PolledTalkGroupItem] ([ID], [TalkGroupItemId], [TransStartMSec], [TransLengthMSec], [RadioID], [TalkGroupID], [TransStartUTC], [TransTimeDesc], [RadioDesc], [ChannelName]) VALUES (65, N'408709:8005', 1471355121595, 1980, 125001, 810, CAST(0x0000A66400E2B11F AS DateTime), N'2.0s', N' (Anoka County) North Main Dispatch', N' (Anoka County) North Main Dispatch')
INSERT [dbo].[PolledTalkGroupItem] ([ID], [TalkGroupItemId], [TransStartMSec], [TransLengthMSec], [RadioID], [TalkGroupID], [TransStartUTC], [TransTimeDesc], [RadioDesc], [ChannelName]) VALUES (66, N'408709:7773', 1471355042806, 900, 125001, 810, CAST(0x0000A66400E254CA AS DateTime), N'0.9s', N' (Anoka County) North Main Dispatch', N' (Anoka County) North Main Dispatch')
INSERT [dbo].[PolledTalkGroupItem] ([ID], [TalkGroupItemId], [TransStartMSec], [TransLengthMSec], [RadioID], [TalkGroupID], [TransStartUTC], [TransTimeDesc], [RadioDesc], [ChannelName]) VALUES (67, N'408709:7996', 1471355120014, 900, 125001, 810, CAST(0x0000A66400E2AF44 AS DateTime), N'0.9s', N' (Anoka County) North Main Dispatch', N' (Anoka County) North Main Dispatch')
INSERT [dbo].[PolledTalkGroupItem] ([ID], [TalkGroupItemId], [TransStartMSec], [TransLengthMSec], [RadioID], [TalkGroupID], [TransStartUTC], [TransTimeDesc], [RadioDesc], [ChannelName]) VALUES (68, N'408709:8512', 1471355295689, 1440, 125001, 810, CAST(0x0000A66400E37D23 AS DateTime), N'1.4s', N' (Anoka County) North Main Dispatch', N' (Anoka County) North Main Dispatch')
INSERT [dbo].[PolledTalkGroupItem] ([ID], [TalkGroupItemId], [TransStartMSec], [TransLengthMSec], [RadioID], [TalkGroupID], [TransStartUTC], [TransTimeDesc], [RadioDesc], [ChannelName]) VALUES (69, N'408709:8506', 1471355291533, 3600, 122639, 810, CAST(0x0000A66400E37844 AS DateTime), N'3.6s', N'Anoka PD (122639)', N' (Anoka County) North Main Dispatch')
INSERT [dbo].[PolledTalkGroupItem] ([ID], [TalkGroupItemId], [TransStartMSec], [TransLengthMSec], [RadioID], [TalkGroupID], [TransStartUTC], [TransTimeDesc], [RadioDesc], [ChannelName]) VALUES (70, N'408709:8506', 1471355291533, 3600, 122639, 810, CAST(0x0000A66400E37844 AS DateTime), N'3.6s', N'Anoka PD (122639)', N' (Anoka County) North Main Dispatch')
INSERT [dbo].[PolledTalkGroupItem] ([ID], [TalkGroupItemId], [TransStartMSec], [TransLengthMSec], [RadioID], [TalkGroupID], [TransStartUTC], [TransTimeDesc], [RadioDesc], [ChannelName]) VALUES (71, N'408709:8020', 1471355125024, 2160, 124567, 810, CAST(0x0000A66400E2B523 AS DateTime), N'2.2s', N' (Anoka County) North Main Dispatch (124567)', N' (Anoka County) North Main Dispatch')
INSERT [dbo].[PolledTalkGroupItem] ([ID], [TalkGroupItemId], [TransStartMSec], [TransLengthMSec], [RadioID], [TalkGroupID], [TransStartUTC], [TransTimeDesc], [RadioDesc], [ChannelName]) VALUES (72, N'408709:8490', 1471355285673, 1800, 125001, 810, CAST(0x0000A66400E37166 AS DateTime), N'1.8s', N' (Anoka County) North Main Dispatch', N' (Anoka County) North Main Dispatch')
INSERT [dbo].[PolledTalkGroupItem] ([ID], [TalkGroupItemId], [TransStartMSec], [TransLengthMSec], [RadioID], [TalkGroupID], [TransStartUTC], [TransTimeDesc], [RadioDesc], [ChannelName]) VALUES (73, N'408709:8506', 1471355291533, 3600, 122639, 810, CAST(0x0000A66400E37844 AS DateTime), N'3.6s', N'Anoka PD (122639)', N' (Anoka County) North Main Dispatch')
INSERT [dbo].[PolledTalkGroupItem] ([ID], [TalkGroupItemId], [TransStartMSec], [TransLengthMSec], [RadioID], [TalkGroupID], [TransStartUTC], [TransTimeDesc], [RadioDesc], [ChannelName]) VALUES (74, N'408709:7976', 1471355110655, 2160, 123908, 810, CAST(0x0000A66400E2A44D AS DateTime), N'2.2s', N'Anoka County SO (123908)', N' (Anoka County) North Main Dispatch')
INSERT [dbo].[PolledTalkGroupItem] ([ID], [TalkGroupItemId], [TransStartMSec], [TransLengthMSec], [RadioID], [TalkGroupID], [TransStartUTC], [TransTimeDesc], [RadioDesc], [ChannelName]) VALUES (75, N'408709:8490', 1471355285673, 1800, 125001, 810, CAST(0x0000A66400E37166 AS DateTime), N'1.8s', N' (Anoka County) North Main Dispatch', N' (Anoka County) North Main Dispatch')
INSERT [dbo].[PolledTalkGroupItem] ([ID], [TalkGroupItemId], [TransStartMSec], [TransLengthMSec], [RadioID], [TalkGroupID], [TransStartUTC], [TransTimeDesc], [RadioDesc], [ChannelName]) VALUES (76, N'408709:7761', 1471355037778, 2340, 123395, 810, CAST(0x0000A66400E24EE5 AS DateTime), N'2.3s', N'Coon Rapids PD (123395)', N' (Anoka County) North Main Dispatch')
INSERT [dbo].[PolledTalkGroupItem] ([ID], [TalkGroupItemId], [TransStartMSec], [TransLengthMSec], [RadioID], [TalkGroupID], [TransStartUTC], [TransTimeDesc], [RadioDesc], [ChannelName]) VALUES (77, N'408709:8027', 1471355127717, 1260, 125001, 810, CAST(0x0000A66400E2B84B AS DateTime), N'1.3s', N' (Anoka County) North Main Dispatch', N' (Anoka County) North Main Dispatch')
INSERT [dbo].[PolledTalkGroupItem] ([ID], [TalkGroupItemId], [TransStartMSec], [TransLengthMSec], [RadioID], [TalkGroupID], [TransStartUTC], [TransTimeDesc], [RadioDesc], [ChannelName]) VALUES (78, N'408709:7785', 1471355045018, 3240, 123395, 810, CAST(0x0000A66400E25761 AS DateTime), N'3.2s', N'Coon Rapids PD (123395)', N' (Anoka County) North Main Dispatch')
INSERT [dbo].[PolledTalkGroupItem] ([ID], [TalkGroupItemId], [TransStartMSec], [TransLengthMSec], [RadioID], [TalkGroupID], [TransStartUTC], [TransTimeDesc], [RadioDesc], [ChannelName]) VALUES (79, N'408709:7962', 1471355107633, 1080, 125001, 810, CAST(0x0000A66400E2A0C2 AS DateTime), N'1.1s', N' (Anoka County) North Main Dispatch', N' (Anoka County) North Main Dispatch')
INSERT [dbo].[PolledTalkGroupItem] ([ID], [TalkGroupItemId], [TransStartMSec], [TransLengthMSec], [RadioID], [TalkGroupID], [TransStartUTC], [TransTimeDesc], [RadioDesc], [ChannelName]) VALUES (80, N'408709:7785', 1471355045018, 3240, 123395, 810, CAST(0x0000A66400E25761 AS DateTime), N'3.2s', N'Coon Rapids PD (123395)', N' (Anoka County) North Main Dispatch')
INSERT [dbo].[PolledTalkGroupItem] ([ID], [TalkGroupItemId], [TransStartMSec], [TransLengthMSec], [RadioID], [TalkGroupID], [TransStartUTC], [TransTimeDesc], [RadioDesc], [ChannelName]) VALUES (81, N'408709:7785', 1471355045018, 3240, 123395, 810, CAST(0x0000A66400E25761 AS DateTime), N'3.2s', N'Coon Rapids PD (123395)', N' (Anoka County) North Main Dispatch')
INSERT [dbo].[PolledTalkGroupItem] ([ID], [TalkGroupItemId], [TransStartMSec], [TransLengthMSec], [RadioID], [TalkGroupID], [TransStartUTC], [TransTimeDesc], [RadioDesc], [ChannelName]) VALUES (82, N'408709:7794', 1471355049179, 1080, 125001, 810, CAST(0x0000A66400E25C42 AS DateTime), N'1.1s', N' (Anoka County) North Main Dispatch', N' (Anoka County) North Main Dispatch')
INSERT [dbo].[PolledTalkGroupItem] ([ID], [TalkGroupItemId], [TransStartMSec], [TransLengthMSec], [RadioID], [TalkGroupID], [TransStartUTC], [TransTimeDesc], [RadioDesc], [ChannelName]) VALUES (83, N'408709:8679', 1471355352954, 3240, 122803, 810, CAST(0x0000A66400E3C03E AS DateTime), N'3.2s', N'Coon Rapids PD (122803)', N' (Anoka County) North Main Dispatch')
INSERT [dbo].[PolledTalkGroupItem] ([ID], [TalkGroupItemId], [TransStartMSec], [TransLengthMSec], [RadioID], [TalkGroupID], [TransStartUTC], [TransTimeDesc], [RadioDesc], [ChannelName]) VALUES (84, N'408709:8689', 1471355358774, 2340, 620376, 25359, CAST(0x0000A66400E3C710 AS DateTime), N'2.3s', N' (Wright County) County Law 1 (620376)', N' (Wright County) County Law 1')
INSERT [dbo].[PolledTalkGroupItem] ([ID], [TalkGroupItemId], [TransStartMSec], [TransLengthMSec], [RadioID], [TalkGroupID], [TransStartUTC], [TransTimeDesc], [RadioDesc], [ChannelName]) VALUES (85, N'408709:8706', 1471355365311, 1260, 0, 25359, CAST(0x0000A66400E3CEB9 AS DateTime), N'1.3s', N' (Wright County) County Law 1 (0)', N' (Wright County) County Law 1')
INSERT [dbo].[PolledTalkGroupItem] ([ID], [TalkGroupItemId], [TransStartMSec], [TransLengthMSec], [RadioID], [TalkGroupID], [TransStartUTC], [TransTimeDesc], [RadioDesc], [ChannelName]) VALUES (86, N'408709:8703', 1471355363501, 1440, 620003, 25359, CAST(0x0000A66400E3CC9A AS DateTime), N'1.4s', N' (Wright County) County Law 1', N' (Wright County) County Law 1')
INSERT [dbo].[PolledTalkGroupItem] ([ID], [TalkGroupItemId], [TransStartMSec], [TransLengthMSec], [RadioID], [TalkGroupID], [TransStartUTC], [TransTimeDesc], [RadioDesc], [ChannelName]) VALUES (87, N'408709:8712', 1471355366650, 1800, 620270, 25359, CAST(0x0000A66400E3D04B AS DateTime), N'1.8s', N' (Wright County) County Law 1 (620270)', N' (Wright County) County Law 1')
INSERT [dbo].[PolledTalkGroupItem] ([ID], [TalkGroupItemId], [TransStartMSec], [TransLengthMSec], [RadioID], [TalkGroupID], [TransStartUTC], [TransTimeDesc], [RadioDesc], [ChannelName]) VALUES (88, N'408709:8720', 1471355367174, 3240, 122814, 810, CAST(0x0000A66400E3D0E8 AS DateTime), N'3.2s', N'Coon Rapids PD (122814)', N' (Anoka County) North Main Dispatch')
INSERT [dbo].[PolledTalkGroupItem] ([ID], [TalkGroupItemId], [TransStartMSec], [TransLengthMSec], [RadioID], [TalkGroupID], [TransStartUTC], [TransTimeDesc], [RadioDesc], [ChannelName]) VALUES (89, N'408709:8694', 1471355360000, 1800, 125001, 810, CAST(0x0000A66400E3C880 AS DateTime), N'1.8s', N' (Anoka County) North Main Dispatch', N' (Anoka County) North Main Dispatch')
INSERT [dbo].[PolledTalkGroupItem] ([ID], [TalkGroupItemId], [TransStartMSec], [TransLengthMSec], [RadioID], [TalkGroupID], [TransStartUTC], [TransTimeDesc], [RadioDesc], [ChannelName]) VALUES (90, N'408709:8727', 1471355369820, 3060, 620376, 25359, CAST(0x0000A66400E3D402 AS DateTime), N'3.1s', N' (Wright County) County Law 1 (620376)', N' (Wright County) County Law 1')
INSERT [dbo].[PolledTalkGroupItem] ([ID], [TalkGroupItemId], [TransStartMSec], [TransLengthMSec], [RadioID], [TalkGroupID], [TransStartUTC], [TransTimeDesc], [RadioDesc], [ChannelName]) VALUES (91, N'408709:8737', 1471355373679, 1260, 620003, 25359, CAST(0x0000A66400E3D888 AS DateTime), N'1.3s', N' (Wright County) County Law 1', N' (Wright County) County Law 1')
INSERT [dbo].[PolledTalkGroupItem] ([ID], [TalkGroupItemId], [TransStartMSec], [TransLengthMSec], [RadioID], [TalkGroupID], [TransStartUTC], [TransTimeDesc], [RadioDesc], [ChannelName]) VALUES (92, N'408709:8725', 1471355371306, 1080, 125001, 810, CAST(0x0000A66400E3D5C0 AS DateTime), N'1.1s', N' (Anoka County) North Main Dispatch', N' (Anoka County) North Main Dispatch')
INSERT [dbo].[PolledTalkGroupItem] ([ID], [TalkGroupItemId], [TransStartMSec], [TransLengthMSec], [RadioID], [TalkGroupID], [TransStartUTC], [TransTimeDesc], [RadioDesc], [ChannelName]) VALUES (93, N'408709:8887', 1471355415828, 1980, 154345, 2532, CAST(0x0000A66400E409EC AS DateTime), N'2.0s', N'Transit PD (154345)', N' (Twin Cities Metro Transit - Buses) Transit Police Dispatch - West')
INSERT [dbo].[PolledTalkGroupItem] ([ID], [TalkGroupItemId], [TransStartMSec], [TransLengthMSec], [RadioID], [TalkGroupID], [TransStartUTC], [TransTimeDesc], [RadioDesc], [ChannelName]) VALUES (94, N'408709:8902', 1471355420511, 1080, 154241, 2532, CAST(0x0000A66400E40F69 AS DateTime), N'1.1s', N' (Twin Cities Metro Transit - Buses) Transit Police Dispatch - West', N' (Twin Cities Metro Transit - Buses) Transit Police Dispatch - West')
INSERT [dbo].[PolledTalkGroupItem] ([ID], [TalkGroupItemId], [TransStartMSec], [TransLengthMSec], [RadioID], [TalkGroupID], [TransStartUTC], [TransTimeDesc], [RadioDesc], [ChannelName]) VALUES (95, N'408709:8933', 1471355422493, 8820, 154345, 2532, CAST(0x0000A66400E411BC AS DateTime), N'8.8s', N'Transit PD (154345)', N' (Twin Cities Metro Transit - Buses) Transit Police Dispatch - West')
INSERT [dbo].[PolledTalkGroupItem] ([ID], [TalkGroupItemId], [TransStartMSec], [TransLengthMSec], [RadioID], [TalkGroupID], [TransStartUTC], [TransTimeDesc], [RadioDesc], [ChannelName]) VALUES (96, N'408709:8943', 1471355433440, 1080, 154241, 2532, CAST(0x0000A66400E41E90 AS DateTime), N'1.1s', N' (Twin Cities Metro Transit - Buses) Transit Police Dispatch - West', N' (Twin Cities Metro Transit - Buses) Transit Police Dispatch - West')
INSERT [dbo].[PolledTalkGroupItem] ([ID], [TalkGroupItemId], [TransStartMSec], [TransLengthMSec], [RadioID], [TalkGroupID], [TransStartUTC], [TransTimeDesc], [RadioDesc], [ChannelName]) VALUES (97, N'408709:9129', 1471355499761, 3240, 620305, 25359, CAST(0x0000A66400E46C48 AS DateTime), N'3.2s', N' (Wright County) County Law 1 (620305)', N' (Wright County) County Law 1')
INSERT [dbo].[PolledTalkGroupItem] ([ID], [TalkGroupItemId], [TransStartMSec], [TransLengthMSec], [RadioID], [TalkGroupID], [TransStartUTC], [TransTimeDesc], [RadioDesc], [ChannelName]) VALUES (98, N'408709:10245', 1471355829082, 3420, 124406, 810, CAST(0x0000A66400E5EE35 AS DateTime), N'3.4s', N'Fridley PD (124406)', N' (Anoka County) North Main Dispatch')
INSERT [dbo].[PolledTalkGroupItem] ([ID], [TalkGroupItemId], [TransStartMSec], [TransLengthMSec], [RadioID], [TalkGroupID], [TransStartUTC], [TransTimeDesc], [RadioDesc], [ChannelName]) VALUES (99, N'408709:10257', 1471355833460, 1080, 125001, 810, CAST(0x0000A66400E5F356 AS DateTime), N'1.1s', N' (Anoka County) North Main Dispatch', N' (Anoka County) North Main Dispatch')
GO
INSERT [dbo].[PolledTalkGroupItem] ([ID], [TalkGroupItemId], [TransStartMSec], [TransLengthMSec], [RadioID], [TalkGroupID], [TransStartUTC], [TransTimeDesc], [RadioDesc], [ChannelName]) VALUES (100, N'408709:10334', 1471355848963, 2880, 620376, 25359, CAST(0x0000A66400E60581 AS DateTime), N'2.9s', N' (Wright County) County Law 1 (620376)', N' (Wright County) County Law 1')
INSERT [dbo].[PolledTalkGroupItem] ([ID], [TalkGroupItemId], [TransStartMSec], [TransLengthMSec], [RadioID], [TalkGroupID], [TransStartUTC], [TransTimeDesc], [RadioDesc], [ChannelName]) VALUES (101, N'408709:10363', 1471355855748, 1800, 620004, 25359, CAST(0x0000A66400E60D74 AS DateTime), N'1.8s', N' (Wright County) County Law 1', N' (Wright County) County Law 1')
INSERT [dbo].[PolledTalkGroupItem] ([ID], [TalkGroupItemId], [TransStartMSec], [TransLengthMSec], [RadioID], [TalkGroupID], [TransStartUTC], [TransTimeDesc], [RadioDesc], [ChannelName]) VALUES (102, N'408709:10373', 1471355858604, 1980, 620376, 25359, CAST(0x0000A66400E610CD AS DateTime), N'2.0s', N' (Wright County) County Law 1 (620376)', N' (Wright County) County Law 1')
INSERT [dbo].[PolledTalkGroupItem] ([ID], [TalkGroupItemId], [TransStartMSec], [TransLengthMSec], [RadioID], [TalkGroupID], [TransStartUTC], [TransTimeDesc], [RadioDesc], [ChannelName]) VALUES (103, N'408709:10387', 1471355863865, 1800, 620004, 25359, CAST(0x0000A66400E616F8 AS DateTime), N'1.8s', N' (Wright County) County Law 1', N' (Wright County) County Law 1')
INSERT [dbo].[PolledTalkGroupItem] ([ID], [TalkGroupItemId], [TransStartMSec], [TransLengthMSec], [RadioID], [TalkGroupID], [TransStartUTC], [TransTimeDesc], [RadioDesc], [ChannelName]) VALUES (104, N'408709:10477', 1471355853479, 42300, 125001, 810, CAST(0x0000A66400E60ACC AS DateTime), N'42.3s', N' (Anoka County) North Main Dispatch', N' (Anoka County) North Main Dispatch')
INSERT [dbo].[PolledTalkGroupItem] ([ID], [TalkGroupItemId], [TransStartMSec], [TransLengthMSec], [RadioID], [TalkGroupID], [TransStartUTC], [TransTimeDesc], [RadioDesc], [ChannelName]) VALUES (105, N'408709:10500', 1471355898862, 3780, 125001, 810, CAST(0x0000A66400E63FFB AS DateTime), N'3.8s', N' (Anoka County) North Main Dispatch', N' (Anoka County) North Main Dispatch')
INSERT [dbo].[PolledTalkGroupItem] ([ID], [TalkGroupItemId], [TransStartMSec], [TransLengthMSec], [RadioID], [TalkGroupID], [TransStartUTC], [TransTimeDesc], [RadioDesc], [ChannelName]) VALUES (106, N'408709:10536', 1471355906897, 2700, 124448, 810, CAST(0x0000A66400E64965 AS DateTime), N'2.7s', N'Fridley PD (124448)', N' (Anoka County) North Main Dispatch')
INSERT [dbo].[PolledTalkGroupItem] ([ID], [TalkGroupItemId], [TransStartMSec], [TransLengthMSec], [RadioID], [TalkGroupID], [TransStartUTC], [TransTimeDesc], [RadioDesc], [ChannelName]) VALUES (107, N'408709:10549', 1471355910151, 1980, 125001, 810, CAST(0x0000A66400E64D35 AS DateTime), N'2.0s', N' (Anoka County) North Main Dispatch', N' (Anoka County) North Main Dispatch')
INSERT [dbo].[PolledTalkGroupItem] ([ID], [TalkGroupItemId], [TransStartMSec], [TransLengthMSec], [RadioID], [TalkGroupID], [TransStartUTC], [TransTimeDesc], [RadioDesc], [ChannelName]) VALUES (108, N'408709:10577', 1471355918214, 2880, 620395, 25359, CAST(0x0000A66400E656A8 AS DateTime), N'2.9s', N' (Wright County) County Law 1 (620395)', N' (Wright County) County Law 1')
INSERT [dbo].[PolledTalkGroupItem] ([ID], [TalkGroupItemId], [TransStartMSec], [TransLengthMSec], [RadioID], [TalkGroupID], [TransStartUTC], [TransTimeDesc], [RadioDesc], [ChannelName]) VALUES (109, N'408709:10589', 1471355922587, 1440, 620004, 25359, CAST(0x0000A66400E65BC8 AS DateTime), N'1.4s', N' (Wright County) County Law 1', N' (Wright County) County Law 1')
INSERT [dbo].[PolledTalkGroupItem] ([ID], [TalkGroupItemId], [TransStartMSec], [TransLengthMSec], [RadioID], [TalkGroupID], [TransStartUTC], [TransTimeDesc], [RadioDesc], [ChannelName]) VALUES (110, N'408709:10600', 1471355925897, 4320, 620395, 25359, CAST(0x0000A66400E65FA9 AS DateTime), N'4.3s', N' (Wright County) County Law 1 (620395)', N' (Wright County) County Law 1')
INSERT [dbo].[PolledTalkGroupItem] ([ID], [TalkGroupItemId], [TransStartMSec], [TransLengthMSec], [RadioID], [TalkGroupID], [TransStartUTC], [TransTimeDesc], [RadioDesc], [ChannelName]) VALUES (111, N'408709:10610', 1471355932871, 1260, 620004, 25359, CAST(0x0000A66400E667D5 AS DateTime), N'1.3s', N' (Wright County) County Law 1', N' (Wright County) County Law 1')
INSERT [dbo].[PolledTalkGroupItem] ([ID], [TalkGroupItemId], [TransStartMSec], [TransLengthMSec], [RadioID], [TalkGroupID], [TransStartUTC], [TransTimeDesc], [RadioDesc], [ChannelName]) VALUES (112, N'408709:10657', 1471355945810, 1440, 125001, 810, CAST(0x0000A66400E676FF AS DateTime), N'1.4s', N' (Anoka County) North Main Dispatch', N' (Anoka County) North Main Dispatch')
INSERT [dbo].[PolledTalkGroupItem] ([ID], [TalkGroupItemId], [TransStartMSec], [TransLengthMSec], [RadioID], [TalkGroupID], [TransStartUTC], [TransTimeDesc], [RadioDesc], [ChannelName]) VALUES (113, N'408709:10671', 1471355949868, 1080, 123091, 810, CAST(0x0000A66400E67BC0 AS DateTime), N'1.1s', N'Fridley PD (123091)', N' (Anoka County) North Main Dispatch')
INSERT [dbo].[PolledTalkGroupItem] ([ID], [TalkGroupItemId], [TransStartMSec], [TransLengthMSec], [RadioID], [TalkGroupID], [TransStartUTC], [TransTimeDesc], [RadioDesc], [ChannelName]) VALUES (114, N'408709:10701', 1471355952061, 6300, 125001, 810, CAST(0x0000A66400E67E52 AS DateTime), N'6.3s', N' (Anoka County) North Main Dispatch', N' (Anoka County) North Main Dispatch')
INSERT [dbo].[PolledTalkGroupItem] ([ID], [TalkGroupItemId], [TransStartMSec], [TransLengthMSec], [RadioID], [TalkGroupID], [TransStartUTC], [TransTimeDesc], [RadioDesc], [ChannelName]) VALUES (115, N'408709:10717', 1471355959680, 2340, 123091, 810, CAST(0x0000A66400E68740 AS DateTime), N'2.3s', N'Fridley PD (123091)', N' (Anoka County) North Main Dispatch')
INSERT [dbo].[PolledTalkGroupItem] ([ID], [TalkGroupItemId], [TransStartMSec], [TransLengthMSec], [RadioID], [TalkGroupID], [TransStartUTC], [TransTimeDesc], [RadioDesc], [ChannelName]) VALUES (116, N'408709:10723', 1471355962668, 1260, 125001, 810, CAST(0x0000A66400E68AC0 AS DateTime), N'1.3s', N' (Anoka County) North Main Dispatch', N' (Anoka County) North Main Dispatch')
INSERT [dbo].[PolledTalkGroupItem] ([ID], [TalkGroupItemId], [TransStartMSec], [TransLengthMSec], [RadioID], [TalkGroupID], [TransStartUTC], [TransTimeDesc], [RadioDesc], [ChannelName]) VALUES (117, N'408709:10738', 1471355967284, 2520, 124406, 810, CAST(0x0000A66400E69029 AS DateTime), N'2.5s', N'Fridley PD (124406)', N' (Anoka County) North Main Dispatch')
INSERT [dbo].[PolledTalkGroupItem] ([ID], [TalkGroupItemId], [TransStartMSec], [TransLengthMSec], [RadioID], [TalkGroupID], [TransStartUTC], [TransTimeDesc], [RadioDesc], [ChannelName]) VALUES (118, N'408709:10754', 1471355972262, 1440, 125001, 810, CAST(0x0000A66400E695FF AS DateTime), N'1.4s', N' (Anoka County) North Main Dispatch', N' (Anoka County) North Main Dispatch')
INSERT [dbo].[PolledTalkGroupItem] ([ID], [TalkGroupItemId], [TransStartMSec], [TransLengthMSec], [RadioID], [TalkGroupID], [TransStartUTC], [TransTimeDesc], [RadioDesc], [ChannelName]) VALUES (119, N'408710:1778', 1471356563399, 3060, 124013, 810, CAST(0x0000A66400E94ABC AS DateTime), N'3.1s', N'Anoka PD (124013)', N' (Anoka County) North Main Dispatch')
INSERT [dbo].[PolledTalkGroupItem] ([ID], [TalkGroupItemId], [TransStartMSec], [TransLengthMSec], [RadioID], [TalkGroupID], [TransStartUTC], [TransTimeDesc], [RadioDesc], [ChannelName]) VALUES (120, N'408710:1791', 1471356568094, 1980, 125001, 810, CAST(0x0000A66400E9503C AS DateTime), N'2.0s', N' (Anoka County) North Main Dispatch', N' (Anoka County) North Main Dispatch')
INSERT [dbo].[PolledTalkGroupItem] ([ID], [TalkGroupItemId], [TransStartMSec], [TransLengthMSec], [RadioID], [TalkGroupID], [TransStartUTC], [TransTimeDesc], [RadioDesc], [ChannelName]) VALUES (121, N'408710:2136', 1471356679244, 1980, 123805, 810, CAST(0x0000A66400E9D27D AS DateTime), N'2.0s', N'Anoka PD (123805)', N' (Anoka County) North Main Dispatch')
INSERT [dbo].[PolledTalkGroupItem] ([ID], [TalkGroupItemId], [TransStartMSec], [TransLengthMSec], [RadioID], [TalkGroupID], [TransStartUTC], [TransTimeDesc], [RadioDesc], [ChannelName]) VALUES (122, N'408710:2142', 1471356681891, 1260, 125001, 810, CAST(0x0000A66400E9D597 AS DateTime), N'1.3s', N' (Anoka County) North Main Dispatch', N' (Anoka County) North Main Dispatch')
INSERT [dbo].[PolledTalkGroupItem] ([ID], [TalkGroupItemId], [TransStartMSec], [TransLengthMSec], [RadioID], [TalkGroupID], [TransStartUTC], [TransTimeDesc], [RadioDesc], [ChannelName]) VALUES (123, N'408710:2161', 1471356686083, 3240, 123805, 810, CAST(0x0000A66400E9DA81 AS DateTime), N'3.2s', N'Anoka PD (123805)', N' (Anoka County) North Main Dispatch')
INSERT [dbo].[PolledTalkGroupItem] ([ID], [TalkGroupItemId], [TransStartMSec], [TransLengthMSec], [RadioID], [TalkGroupID], [TransStartUTC], [TransTimeDesc], [RadioDesc], [ChannelName]) VALUES (124, N'408710:2347', 1471356748786, 3420, 620395, 25359, CAST(0x0000A66400EA23FC AS DateTime), N'3.4s', N' (Wright County) County Law 1 (620395)', N' (Wright County) County Law 1')
INSERT [dbo].[PolledTalkGroupItem] ([ID], [TalkGroupItemId], [TransStartMSec], [TransLengthMSec], [RadioID], [TalkGroupID], [TransStartUTC], [TransTimeDesc], [RadioDesc], [ChannelName]) VALUES (125, N'408710:2352', 1471356752483, 1260, 620002, 25359, CAST(0x0000A66400EA2851 AS DateTime), N'1.3s', N' (Wright County) County Law 1', N' (Wright County) County Law 1')
INSERT [dbo].[PolledTalkGroupItem] ([ID], [TalkGroupItemId], [TransStartMSec], [TransLengthMSec], [RadioID], [TalkGroupID], [TransStartUTC], [TransTimeDesc], [RadioDesc], [ChannelName]) VALUES (126, N'408710:2475', 1471356792597, 1800, 123395, 810, CAST(0x0000A66400EA5753 AS DateTime), N'1.8s', N'Coon Rapids PD (123395)', N' (Anoka County) North Main Dispatch')
INSERT [dbo].[PolledTalkGroupItem] ([ID], [TalkGroupItemId], [TransStartMSec], [TransLengthMSec], [RadioID], [TalkGroupID], [TransStartUTC], [TransTimeDesc], [RadioDesc], [ChannelName]) VALUES (127, N'408710:2485', 1471356795403, 1080, 125001, 810, CAST(0x0000A66400EA5A9D AS DateTime), N'1.1s', N' (Anoka County) North Main Dispatch', N' (Anoka County) North Main Dispatch')
INSERT [dbo].[PolledTalkGroupItem] ([ID], [TalkGroupItemId], [TransStartMSec], [TransLengthMSec], [RadioID], [TalkGroupID], [TransStartUTC], [TransTimeDesc], [RadioDesc], [ChannelName]) VALUES (128, N'408710:2496', 1471356797625, 3780, 123395, 810, CAST(0x0000A66400EA5D38 AS DateTime), N'3.8s', N'Coon Rapids PD (123395)', N' (Anoka County) North Main Dispatch')
INSERT [dbo].[PolledTalkGroupItem] ([ID], [TalkGroupItemId], [TransStartMSec], [TransLengthMSec], [RadioID], [TalkGroupID], [TransStartUTC], [TransTimeDesc], [RadioDesc], [ChannelName]) VALUES (129, N'408710:2526', 1471356808919, 1440, 123395, 810, CAST(0x0000A66400EA6A74 AS DateTime), N'1.4s', N'Coon Rapids PD (123395)', N' (Anoka County) North Main Dispatch')
INSERT [dbo].[PolledTalkGroupItem] ([ID], [TalkGroupItemId], [TransStartMSec], [TransLengthMSec], [RadioID], [TalkGroupID], [TransStartUTC], [TransTimeDesc], [RadioDesc], [ChannelName]) VALUES (130, N'408710:2534', 1471356810609, 1260, 125001, 810, CAST(0x0000A66400EA6C6F AS DateTime), N'1.3s', N' (Anoka County) North Main Dispatch', N' (Anoka County) North Main Dispatch')
INSERT [dbo].[PolledTalkGroupItem] ([ID], [TalkGroupItemId], [TransStartMSec], [TransLengthMSec], [RadioID], [TalkGroupID], [TransStartUTC], [TransTimeDesc], [RadioDesc], [ChannelName]) VALUES (131, N'408710:2547', 1471356813406, 1800, 122882, 810, CAST(0x0000A66400EA6FB6 AS DateTime), N'1.8s', N' (Anoka County) North Main Dispatch (122882)', N' (Anoka County) North Main Dispatch')
INSERT [dbo].[PolledTalkGroupItem] ([ID], [TalkGroupItemId], [TransStartMSec], [TransLengthMSec], [RadioID], [TalkGroupID], [TransStartUTC], [TransTimeDesc], [RadioDesc], [ChannelName]) VALUES (132, N'408710:2562', 1471356817508, 1980, 125001, 810, CAST(0x0000A66400EA7484 AS DateTime), N'2.0s', N' (Anoka County) North Main Dispatch', N' (Anoka County) North Main Dispatch')
INSERT [dbo].[PolledTalkGroupItem] ([ID], [TalkGroupItemId], [TransStartMSec], [TransLengthMSec], [RadioID], [TalkGroupID], [TransStartUTC], [TransTimeDesc], [RadioDesc], [ChannelName]) VALUES (133, N'408710:2602', 1471356829705, 2880, 125001, 810, CAST(0x0000A66400EA82D0 AS DateTime), N'2.9s', N' (Anoka County) North Main Dispatch', N' (Anoka County) North Main Dispatch')
INSERT [dbo].[PolledTalkGroupItem] ([ID], [TalkGroupItemId], [TransStartMSec], [TransLengthMSec], [RadioID], [TalkGroupID], [TransStartUTC], [TransTimeDesc], [RadioDesc], [ChannelName]) VALUES (134, N'408710:2612', 1471356833899, 1800, 123348, 810, CAST(0x0000A66400EA87BA AS DateTime), N'1.8s', N'Ramsey PD (123348)', N' (Anoka County) North Main Dispatch')
INSERT [dbo].[PolledTalkGroupItem] ([ID], [TalkGroupItemId], [TransStartMSec], [TransLengthMSec], [RadioID], [TalkGroupID], [TransStartUTC], [TransTimeDesc], [RadioDesc], [ChannelName]) VALUES (135, N'408710:2622', 1471356836276, 900, 125001, 810, CAST(0x0000A66400EA8A83 AS DateTime), N'0.9s', N' (Anoka County) North Main Dispatch', N' (Anoka County) North Main Dispatch')
SET IDENTITY_INSERT [dbo].[PolledTalkGroupItem] OFF
SET IDENTITY_INSERT [dbo].[Role] ON 

INSERT [dbo].[Role] ([RoleId], [Name], [Description]) VALUES (1, N'Super Admin', N'Super Admin
')
INSERT [dbo].[Role] ([RoleId], [Name], [Description]) VALUES (2, N'Admin', N'Admin
')
INSERT [dbo].[Role] ([RoleId], [Name], [Description]) VALUES (3, N'User', N'User')
SET IDENTITY_INSERT [dbo].[Role] OFF
SET IDENTITY_INSERT [dbo].[TalkGroupItem] ON 

INSERT [dbo].[TalkGroupItem] ([ID], [TalkGroupItemId], [TransStartMSec], [TransLengthMSec], [RadioID], [TalkGroupID], [TransStartUTC], [TransTimeDesc], [RadioDesc], [ReviewStatus], [MarkListen]) VALUES (1, N'408346:549', 1470045893524, 21060, 616001, 25102, CAST(0x0000A65500A62379 AS DateTime), N'21.1s', N' (Sherburne County) Sheriff - Dispatch', 1, 1)
INSERT [dbo].[TalkGroupItem] ([ID], [TalkGroupItemId], [TransStartMSec], [TransLengthMSec], [RadioID], [TalkGroupID], [TransStartUTC], [TransTimeDesc], [RadioDesc], [ReviewStatus], [MarkListen]) VALUES (2, N'408346:558', 1470045916889, 2160, 616679, 25102, CAST(0x0000A65500A63EDB AS DateTime), N'2.2s', N'Elk River PD (616679)', 2, 0)
INSERT [dbo].[TalkGroupItem] ([ID], [TalkGroupItemId], [TransStartMSec], [TransLengthMSec], [RadioID], [TalkGroupID], [TransStartUTC], [TransTimeDesc], [RadioDesc], [ReviewStatus], [MarkListen]) VALUES (3, N'408346:2694', 1470047832799, 1260, 154242, 2532, CAST(0x0000A65500AF0410 AS DateTime), N'1.3s', N' (Twin Cities Metro Transit - Buses) Transit Police Dispatch - West', 1, 1)
INSERT [dbo].[TalkGroupItem] ([ID], [TalkGroupItemId], [TransStartMSec], [TransLengthMSec], [RadioID], [TalkGroupID], [TransStartUTC], [TransTimeDesc], [RadioDesc], [ReviewStatus], [MarkListen]) VALUES (4, N'408365:6219', 1470117124432, 1080, 320750, 11558, CAST(0x0000A6560060B332 AS DateTime), N'1.1s', N'St Paul PD (320750)', 2, 0)
INSERT [dbo].[TalkGroupItem] ([ID], [TalkGroupItemId], [TransStartMSec], [TransLengthMSec], [RadioID], [TalkGroupID], [TransStartUTC], [TransTimeDesc], [RadioDesc], [ReviewStatus], [MarkListen]) VALUES (5, N'408366:4061', 1470119722668, 21420, 312983, 11518, CAST(0x0000A656006C9800 AS DateTime), N'21.4s', N' (Ramsey County) Ramsey LAW Dispatch Central', 1, 1)
INSERT [dbo].[TalkGroupItem] ([ID], [TalkGroupItemId], [TransStartMSec], [TransLengthMSec], [RadioID], [TalkGroupID], [TransStartUTC], [TransTimeDesc], [RadioDesc], [ReviewStatus], [MarkListen]) VALUES (6, N'408392:4239', 1470213988726, 1800, 125001, 802, CAST(0x0000A65700909A0A AS DateTime), N'1.8s', N' (Anoka County) South Main Dispatch', NULL, 1)
INSERT [dbo].[TalkGroupItem] ([ID], [TalkGroupItemId], [TransStartMSec], [TransLengthMSec], [RadioID], [TalkGroupID], [TransStartUTC], [TransTimeDesc], [RadioDesc], [ReviewStatus], [MarkListen]) VALUES (7, N'408392:4162', 1470213918070, 21420, 125001, 802, CAST(0x0000A6570090473D AS DateTime), N'21.4s', N' (Anoka County) South Main Dispatch', 1, 0)
INSERT [dbo].[TalkGroupItem] ([ID], [TalkGroupItemId], [TransStartMSec], [TransLengthMSec], [RadioID], [TalkGroupID], [TransStartUTC], [TransTimeDesc], [RadioDesc], [ReviewStatus], [MarkListen]) VALUES (10006, N'408392:3290', 1470213338369, 1440, 122636, 802, CAST(0x0000A657008D9FE7 AS DateTime), N'1.4s', N'Anoka PD (122636)', NULL, 1)
INSERT [dbo].[TalkGroupItem] ([ID], [TalkGroupItemId], [TransStartMSec], [TransLengthMSec], [RadioID], [TalkGroupID], [TransStartUTC], [TransTimeDesc], [RadioDesc], [ReviewStatus], [MarkListen]) VALUES (10007, N'408392:3294', 1470213340312, 1260, 125001, 802, CAST(0x0000A657008DA22E AS DateTime), N'1.3s', N' (Anoka County) South Main Dispatch', NULL, 1)
INSERT [dbo].[TalkGroupItem] ([ID], [TalkGroupItemId], [TransStartMSec], [TransLengthMSec], [RadioID], [TalkGroupID], [TransStartUTC], [TransTimeDesc], [RadioDesc], [ReviewStatus], [MarkListen]) VALUES (10008, N'408397:428', 1470229324074, 900, 123333, 802, CAST(0x0000A65700D6CD26 AS DateTime), N'0.9s', N'Blaine PD (123333)', 1, 0)
SET IDENTITY_INSERT [dbo].[TalkGroupItem] OFF
SET IDENTITY_INSERT [dbo].[User] ON 

INSERT [dbo].[User] ([UserId], [CustomerId], [UserName], [Password], [Email], [Address], [City], [State], [PostalCode], [PhoneNumber], [Active]) VALUES (2, 0, N'susheel@qsstechnosoft.com', N'a', N'susheel@qsstechnosoft.com', N'sad', NULL, NULL, NULL, N's', 1)
INSERT [dbo].[User] ([UserId], [CustomerId], [UserName], [Password], [Email], [Address], [City], [State], [PostalCode], [PhoneNumber], [Active]) VALUES (3, 1, N'prasun@qsstechnosoft.com', N'a', N'susheel@qsstechnosoft.com', N'D-115 Sector 63', N'Noida', N'UP', N'201301', N'2313', 0)
INSERT [dbo].[User] ([UserId], [CustomerId], [UserName], [Password], [Email], [Address], [City], [State], [PostalCode], [PhoneNumber], [Active]) VALUES (4, 1, N'pankaj@qsstechnosoft.com', N'bd', N'pankaj@qsstechnosoft.com', N'aDSSDASWQ', N'a', N'ads', N'213', N'2313', 1)
INSERT [dbo].[User] ([UserId], [CustomerId], [UserName], [Password], [Email], [Address], [City], [State], [PostalCode], [PhoneNumber], [Active]) VALUES (5, 1, N'aa', N'ADMIN@123', N'asd@gmail.com', N'aDSSDASWQ', N'AA', N'aS', N'110016', N'213', 1)
INSERT [dbo].[User] ([UserId], [CustomerId], [UserName], [Password], [Email], [Address], [City], [State], [PostalCode], [PhoneNumber], [Active]) VALUES (6, 2, N'tata', N'PASSWORD123', N'tata@qsstechnosoft.com', N'asaS', N'SADASD', N'SDAAS', N'5432', N'0120255305', 1)
INSERT [dbo].[User] ([UserId], [CustomerId], [UserName], [Password], [Email], [Address], [City], [State], [PostalCode], [PhoneNumber], [Active]) VALUES (7, 2, N'xx', N'PASSWORD123', N'asd@gmail.comsd', N'xx', N'xxx', N'xx', N'wewqewqewqeeeeee', N's', 1)
INSERT [dbo].[User] ([UserId], [CustomerId], [UserName], [Password], [Email], [Address], [City], [State], [PostalCode], [PhoneNumber], [Active]) VALUES (8, 2, N'usertcs', N'usertcs@gmail.com', N'usertcs@gmail.com', N'tt', N'SADASD', N'3', N'243', N'4234', 1)
INSERT [dbo].[User] ([UserId], [CustomerId], [UserName], [Password], [Email], [Address], [City], [State], [PostalCode], [PhoneNumber], [Active]) VALUES (9, 1, N'qssuser', N'qssuser@gmail.com', N'qssuser@gmail.com', N'sd', N'sda', N'sa', N'sa', N'231', 1)
INSERT [dbo].[User] ([UserId], [CustomerId], [UserName], [Password], [Email], [Address], [City], [State], [PostalCode], [PhoneNumber], [Active]) VALUES (10, 2, N'user2tcs', N'user2tcs@gmail.com', N'user2tcs@gmail.com', N'aDSSDASWQ', N'a', N'AA', N'231', N'231', 1)
INSERT [dbo].[User] ([UserId], [CustomerId], [UserName], [Password], [Email], [Address], [City], [State], [PostalCode], [PhoneNumber], [Active]) VALUES (11, 1, N'qssuser2', N'qssuser2@qsstechnosoft.com', N'susheel@qsstechnosoft.com', N'D-115 Sector 63', N'Noida', N'UP', N'201301', N'12121', 1)
INSERT [dbo].[User] ([UserId], [CustomerId], [UserName], [Password], [Email], [Address], [City], [State], [PostalCode], [PhoneNumber], [Active]) VALUES (14, 1, N'qssuser3', N'admin@example.com', N'susheel@qsstechnosoft.com', N'aDSSDASWQ', N'AA', N'ads', N'231', N'23213', 1)
SET IDENTITY_INSERT [dbo].[User] OFF
SET IDENTITY_INSERT [dbo].[UserInRole] ON 

INSERT [dbo].[UserInRole] ([UserRoleId], [CustomerId], [UserId], [RoleId]) VALUES (2, 0, 2, 1)
INSERT [dbo].[UserInRole] ([UserRoleId], [CustomerId], [UserId], [RoleId]) VALUES (3, 1, 3, 2)
INSERT [dbo].[UserInRole] ([UserRoleId], [CustomerId], [UserId], [RoleId]) VALUES (4, 1, 4, 2)
INSERT [dbo].[UserInRole] ([UserRoleId], [CustomerId], [UserId], [RoleId]) VALUES (5, 1, 5, 2)
INSERT [dbo].[UserInRole] ([UserRoleId], [CustomerId], [UserId], [RoleId]) VALUES (6, 2, 6, 2)
INSERT [dbo].[UserInRole] ([UserRoleId], [CustomerId], [UserId], [RoleId]) VALUES (7, 2, 7, 2)
INSERT [dbo].[UserInRole] ([UserRoleId], [CustomerId], [UserId], [RoleId]) VALUES (8, 2, 8, 3)
INSERT [dbo].[UserInRole] ([UserRoleId], [CustomerId], [UserId], [RoleId]) VALUES (9, 1, 9, 3)
INSERT [dbo].[UserInRole] ([UserRoleId], [CustomerId], [UserId], [RoleId]) VALUES (10, 2, 10, 3)
INSERT [dbo].[UserInRole] ([UserRoleId], [CustomerId], [UserId], [RoleId]) VALUES (11, 1, 11, 3)
INSERT [dbo].[UserInRole] ([UserRoleId], [CustomerId], [UserId], [RoleId]) VALUES (14, 1, 14, 3)
SET IDENTITY_INSERT [dbo].[UserInRole] OFF
SET IDENTITY_INSERT [dbo].[UserPermission] ON 

INSERT [dbo].[UserPermission] ([UserPermissionId], [CustomerId], [UserId], [PermissionId]) VALUES (2, 1, 14, 2)
SET IDENTITY_INSERT [dbo].[UserPermission] OFF
SET IDENTITY_INSERT [dbo].[UserTalkGroup] ON 

INSERT [dbo].[UserTalkGroup] ([UserTalkGroupId], [CustomerId], [UserId], [TakGroupId]) VALUES (1, 1, 14, 25360)
INSERT [dbo].[UserTalkGroup] ([UserTalkGroupId], [CustomerId], [UserId], [TakGroupId]) VALUES (2, 1, 14, 810)
INSERT [dbo].[UserTalkGroup] ([UserTalkGroupId], [CustomerId], [UserId], [TakGroupId]) VALUES (3, 1, 11, 810)
INSERT [dbo].[UserTalkGroup] ([UserTalkGroupId], [CustomerId], [UserId], [TakGroupId]) VALUES (4, 1, 11, 25360)
SET IDENTITY_INSERT [dbo].[UserTalkGroup] OFF
ALTER TABLE [dbo].[CustomerNotificationLastScan]  WITH CHECK ADD  CONSTRAINT [FK_CustomerNotificationLastScan_Customer] FOREIGN KEY([CustomerId])
REFERENCES [dbo].[Customer] ([CustomerId])
GO
ALTER TABLE [dbo].[CustomerNotificationLastScan] CHECK CONSTRAINT [FK_CustomerNotificationLastScan_Customer]
GO
ALTER TABLE [dbo].[CustomerNotificationSetting]  WITH CHECK ADD  CONSTRAINT [FK_CustomerNotificationSetting_Customer] FOREIGN KEY([CustomerId])
REFERENCES [dbo].[Customer] ([CustomerId])
GO
ALTER TABLE [dbo].[CustomerNotificationSetting] CHECK CONSTRAINT [FK_CustomerNotificationSetting_Customer]
GO
ALTER TABLE [dbo].[CustomerTalkGroup]  WITH CHECK ADD  CONSTRAINT [FK_CustomerTalkGroup_Customer] FOREIGN KEY([CustomerId])
REFERENCES [dbo].[Customer] ([CustomerId])
GO
ALTER TABLE [dbo].[CustomerTalkGroup] CHECK CONSTRAINT [FK_CustomerTalkGroup_Customer]
GO
ALTER TABLE [dbo].[Group]  WITH CHECK ADD  CONSTRAINT [FK_Group_Customer] FOREIGN KEY([CustomerId])
REFERENCES [dbo].[Customer] ([CustomerId])
GO
ALTER TABLE [dbo].[Group] CHECK CONSTRAINT [FK_Group_Customer]
GO
ALTER TABLE [dbo].[NotificationLog]  WITH CHECK ADD  CONSTRAINT [FK_NotificationLog_Customer] FOREIGN KEY([CustomerId])
REFERENCES [dbo].[Customer] ([CustomerId])
GO
ALTER TABLE [dbo].[NotificationLog] CHECK CONSTRAINT [FK_NotificationLog_Customer]
GO
ALTER TABLE [dbo].[UserGroup]  WITH CHECK ADD  CONSTRAINT [FK_UserGroup_Customer] FOREIGN KEY([CustomerId])
REFERENCES [dbo].[Customer] ([CustomerId])
GO
ALTER TABLE [dbo].[UserGroup] CHECK CONSTRAINT [FK_UserGroup_Customer]
GO
ALTER TABLE [dbo].[UserGroup]  WITH CHECK ADD  CONSTRAINT [FK_UserGroup_Group] FOREIGN KEY([GroupId])
REFERENCES [dbo].[Group] ([GroupId])
GO
ALTER TABLE [dbo].[UserGroup] CHECK CONSTRAINT [FK_UserGroup_Group]
GO
ALTER TABLE [dbo].[UserGroup]  WITH CHECK ADD  CONSTRAINT [FK_UserGroup_User] FOREIGN KEY([UserId])
REFERENCES [dbo].[User] ([UserId])
GO
ALTER TABLE [dbo].[UserGroup] CHECK CONSTRAINT [FK_UserGroup_User]
GO
ALTER TABLE [dbo].[UserInRole]  WITH CHECK ADD  CONSTRAINT [FK_UserInRole_Role] FOREIGN KEY([RoleId])
REFERENCES [dbo].[Role] ([RoleId])
GO
ALTER TABLE [dbo].[UserInRole] CHECK CONSTRAINT [FK_UserInRole_Role]
GO
ALTER TABLE [dbo].[UserInRole]  WITH CHECK ADD  CONSTRAINT [FK_UserInRole_User] FOREIGN KEY([UserId])
REFERENCES [dbo].[User] ([UserId])
GO
ALTER TABLE [dbo].[UserInRole] CHECK CONSTRAINT [FK_UserInRole_User]
GO
ALTER TABLE [dbo].[UserPermission]  WITH CHECK ADD  CONSTRAINT [FK_UserPermission_Customer] FOREIGN KEY([CustomerId])
REFERENCES [dbo].[Customer] ([CustomerId])
GO
ALTER TABLE [dbo].[UserPermission] CHECK CONSTRAINT [FK_UserPermission_Customer]
GO
ALTER TABLE [dbo].[UserPermission]  WITH CHECK ADD  CONSTRAINT [FK_UserPermission_Permission] FOREIGN KEY([PermissionId])
REFERENCES [dbo].[Permission] ([PermissionId])
GO
ALTER TABLE [dbo].[UserPermission] CHECK CONSTRAINT [FK_UserPermission_Permission]
GO
ALTER TABLE [dbo].[UserPermission]  WITH CHECK ADD  CONSTRAINT [FK_UserPermission_User] FOREIGN KEY([UserId])
REFERENCES [dbo].[User] ([UserId])
GO
ALTER TABLE [dbo].[UserPermission] CHECK CONSTRAINT [FK_UserPermission_User]
GO
ALTER TABLE [dbo].[UserRadioMap]  WITH CHECK ADD  CONSTRAINT [FK_UserRadioMap_User] FOREIGN KEY([UserId])
REFERENCES [dbo].[User] ([UserId])
GO
ALTER TABLE [dbo].[UserRadioMap] CHECK CONSTRAINT [FK_UserRadioMap_User]
GO
ALTER TABLE [dbo].[UserTalkGroup]  WITH CHECK ADD  CONSTRAINT [FK_UserTalkGroup_User] FOREIGN KEY([UserId])
REFERENCES [dbo].[User] ([UserId])
GO
ALTER TABLE [dbo].[UserTalkGroup] CHECK CONSTRAINT [FK_UserTalkGroup_User]
GO
